Number,Name,Type_1,Type_2,Total,HP,Attack,Defense,Sp_Atk,Sp_Def,Speed,Generation,isLegendary,Color,hasGender,Pr_Male,Egg_Group_1,Egg_Group_2,hasMegaEvolution,Height_m,Weight_kg,Catch_Rate,Body_Style
1,Bulbasaur,Grass,Poison,318,45.0,49.0,49.0,65.0,65.0,45.0,1,False,Green,True,0.875,Monster,Grass,False,0.71,6.9,45.0,quadruped
2,Ivysaur,Grass,Poison,405,60.0,62.0,63.0,80.0,80.0,60.0,1,False,Green,True,0.875,Monster,Grass,False,0.99,13.0,45.0,quadruped
3,Venusaur,Grass,Poison,525,80.0,82.0,83.0,100.0,100.0,80.0,1,False,Green,True,0.875,Monster,Grass,True,2.01,100.0,45.0,quadruped
4,Charmander,Fire,,309,39.0,52.0,43.0,60.0,50.0,65.0,1,False,Red,True,0.875,Monster,Dragon,False,0.61,8.5,45.0,bipedal_tailed
5,Charmeleon,Fire,,405,58.0,64.0,58.0,80.0,65.0,80.0,1,False,Red,True,0.875,Monster,Dragon,False,1.09,19.0,45.0,bipedal_tailed
6,Charizard,Fire,Flying,534,78.0,84.0,78.0,109.0,85.0,100.0,1,False,Red,True,0.875,Monster,Dragon,True,1.7,90.5,45.0,bipedal_tailed
7,Squirtle,Water,,314,44.0,48.0,65.0,50.0,64.0,43.0,1,False,Blue,True,0.875,Monster,Water_1,False,0.51,9.0,45.0,bipedal_tailed
8,Wartortle,Water,,405,59.0,63.0,80.0,65.0,80.0,58.0,1,False,Blue,True,0.875,Monster,Water_1,False,0.99,22.5,45.0,bipedal_tailed
9,Blastoise,Water,,530,79.0,83.0,100.0,85.0,105.0,78.0,1,False,Blue,True,0.875,Monster,Water_1,True,1.6,85.5,45.0,bipedal_tailed
10,Caterpie,Bug,,195,45.0,30.0,35.0,20.0,20.0,45.0,1,False,Green,True,0.5,Bug,,False,0.3,2.9,255.0,insectoid
11,Metapod,Bug,,205,50.0,20.0,55.0,25.0,25.0,30.0,1,False,Green,True,0.5,Bug,,False,0.71,9.9,120.0,serpentine_body
12,Butterfree,Bug,Flying,395,60.0,45.0,50.0,90.0,80.0,70.0,1,False,White,True,0.5,Bug,,False,1.09,32.0,45.0,four_wings
13,Weedle,Bug,Poison,195,40.0,35.0,30.0,20.0,20.0,50.0,1,False,Brown,True,0.5,Bug,,False,0.3,3.2,255.0,serpentine_body
14,Kakuna,Bug,Poison,205,45.0,25.0,50.0,25.0,25.0,35.0,1,False,Yellow,True,0.5,Bug,,False,0.61,10.0,120.0,serpentine_body
15,Beedrill,Bug,Poison,395,65.0,90.0,40.0,45.0,80.0,75.0,1,False,Yellow,True,0.5,Bug,,True,0.99,29.5,45.0,four_wings
16,Pidgey,Normal,Flying,251,40.0,45.0,40.0,35.0,35.0,56.0,1,False,Brown,True,0.5,Flying,,False,0.3,1.8,255.0,two_wings
17,Pidgeotto,Normal,Flying,349,63.0,60.0,55.0,50.0,50.0,71.0,1,False,Brown,True,0.5,Flying,,False,1.09,30.0,120.0,two_wings
18,Pidgeot,Normal,Flying,479,83.0,80.0,75.0,70.0,70.0,101.0,1,False,Brown,True,0.5,Flying,,True,1.5,39.5,45.0,two_wings
19,Rattata,Normal,,253,30.0,56.0,35.0,25.0,35.0,72.0,1,False,Purple,True,0.5,Field,,False,0.3,3.5,255.0,quadruped
20,Raticate,Normal,,413,55.0,81.0,60.0,50.0,70.0,97.0,1,False,Brown,True,0.5,Field,,False,0.71,18.5,127.0,quadruped
21,Spearow,Normal,Flying,262,40.0,60.0,30.0,31.0,31.0,70.0,1,False,Brown,True,0.5,Flying,,False,0.3,2.0,255.0,two_wings
22,Fearow,Normal,Flying,442,65.0,90.0,65.0,61.0,61.0,100.0,1,False,Brown,True,0.5,Flying,,False,1.19,38.0,90.0,two_wings
23,Ekans,Poison,,288,35.0,60.0,44.0,40.0,54.0,55.0,1,False,Purple,True,0.5,Field,Dragon,False,2.01,6.9,255.0,serpentine_body
24,Arbok,Poison,,438,60.0,85.0,69.0,65.0,79.0,80.0,1,False,Purple,True,0.5,Field,Dragon,False,3.51,65.0,90.0,serpentine_body
25,Pikachu,Electric,,320,35.0,55.0,40.0,50.0,50.0,90.0,1,False,Yellow,True,0.5,Field,Fairy,False,0.41,6.0,190.0,quadruped
26,Raichu,Electric,,485,60.0,90.0,55.0,90.0,80.0,110.0,1,False,Yellow,True,0.5,Field,Fairy,False,0.79,30.0,75.0,bipedal_tailed
27,Sandshrew,Ground,,300,50.0,75.0,85.0,20.0,30.0,40.0,1,False,Yellow,True,0.5,Field,,False,0.61,12.0,255.0,bipedal_tailed
28,Sandslash,Ground,,450,75.0,100.0,110.0,45.0,55.0,65.0,1,False,Yellow,True,0.5,Field,,False,0.99,29.5,90.0,bipedal_tailed
29,Nidoran♀,Poison,,275,55.0,47.0,52.0,40.0,40.0,41.0,1,False,Blue,True,0.0,Monster,Field,False,0.41,7.0,235.0,quadruped
30,Nidorina,Poison,,365,70.0,62.0,67.0,55.0,55.0,56.0,1,False,Blue,True,0.0,Undiscovered,,False,0.79,20.0,120.0,quadruped
31,Nidoqueen,Poison,Ground,505,90.0,92.0,87.0,75.0,85.0,76.0,1,False,Blue,True,0.0,Undiscovered,,False,1.3,60.0,45.0,bipedal_tailed
32,Nidoran♂,Poison,,273,46.0,57.0,40.0,40.0,40.0,50.0,1,False,Purple,True,1.0,Monster,Field,False,0.51,9.0,235.0,quadruped
33,Nidorino,Poison,,365,61.0,72.0,57.0,55.0,55.0,65.0,1,False,Purple,True,1.0,Monster,Field,False,0.89,19.5,120.0,quadruped
34,Nidoking,Poison,Ground,505,81.0,102.0,77.0,85.0,75.0,85.0,1,False,Purple,True,1.0,Monster,Field,False,1.4,62.0,45.0,bipedal_tailed
35,Clefairy,Fairy,,323,70.0,45.0,48.0,60.0,65.0,35.0,1,False,Pink,True,0.25,Fairy,,False,0.61,7.5,150.0,bipedal_tailed
36,Clefable,Fairy,,483,95.0,70.0,73.0,95.0,90.0,60.0,1,False,Pink,True,0.25,Fairy,,False,1.3,40.0,25.0,bipedal_tailed
37,Vulpix,Fire,,299,38.0,41.0,40.0,50.0,65.0,65.0,1,False,Brown,True,0.25,Field,,False,0.61,9.9,190.0,quadruped
38,Ninetales,Fire,,505,73.0,76.0,75.0,81.0,100.0,100.0,1,False,Yellow,True,0.25,Field,,False,1.09,19.9,75.0,quadruped
39,Jigglypuff,Normal,Fairy,270,115.0,45.0,20.0,45.0,25.0,20.0,1,False,Pink,True,0.25,Fairy,,False,0.51,5.5,170.0,bipedal_tailless
40,Wigglytuff,Normal,Fairy,435,140.0,70.0,45.0,85.0,50.0,45.0,1,False,Pink,True,0.25,Fairy,,False,0.99,12.0,50.0,bipedal_tailless
41,Zubat,Poison,Flying,245,40.0,45.0,35.0,30.0,40.0,55.0,1,False,Purple,True,0.5,Flying,,False,0.79,7.5,255.0,two_wings
42,Golbat,Poison,Flying,455,75.0,80.0,70.0,65.0,75.0,90.0,1,False,Purple,True,0.5,Flying,,False,1.6,55.0,90.0,two_wings
43,Oddish,Grass,Poison,320,45.0,50.0,55.0,75.0,65.0,30.0,1,False,Blue,True,0.5,Grass,,False,0.51,5.4,255.0,head_legs
44,Gloom,Grass,Poison,395,60.0,65.0,70.0,85.0,75.0,40.0,1,False,Blue,True,0.5,Grass,,False,0.79,8.6,120.0,bipedal_tailless
45,Vileplume,Grass,Poison,490,75.0,80.0,85.0,110.0,90.0,50.0,1,False,Red,True,0.5,Grass,,False,1.19,18.6,45.0,bipedal_tailless
46,Paras,Bug,Grass,285,35.0,70.0,55.0,45.0,55.0,25.0,1,False,Red,True,0.5,Bug,Grass,False,0.3,5.4,190.0,insectoid
47,Parasect,Bug,Grass,405,60.0,95.0,80.0,60.0,80.0,30.0,1,False,Red,True,0.5,Bug,Grass,False,0.99,29.5,75.0,insectoid
48,Venonat,Bug,Poison,305,60.0,55.0,50.0,40.0,55.0,45.0,1,False,Purple,True,0.5,Bug,,False,0.99,30.0,190.0,bipedal_tailless
49,Venomoth,Bug,Poison,450,70.0,65.0,60.0,90.0,75.0,90.0,1,False,Purple,True,0.5,Bug,,False,1.5,12.5,75.0,four_wings
50,Diglett,Ground,,265,10.0,55.0,25.0,35.0,45.0,95.0,1,False,Brown,True,0.5,Field,,False,0.2,0.8,255.0,head_base
51,Dugtrio,Ground,,405,35.0,80.0,50.0,50.0,70.0,120.0,1,False,Brown,True,0.5,Field,,False,0.71,33.3,50.0,multiple_bodies
52,Meowth,Normal,,290,40.0,45.0,35.0,40.0,40.0,90.0,1,False,Yellow,True,0.5,Field,,False,0.41,4.2,255.0,quadruped
53,Persian,Normal,,440,65.0,70.0,60.0,65.0,65.0,115.0,1,False,Yellow,True,0.5,Field,,False,0.99,32.0,90.0,quadruped
54,Psyduck,Water,,320,50.0,52.0,48.0,65.0,50.0,55.0,1,False,Yellow,True,0.5,Water_1,Field,False,0.79,19.6,190.0,bipedal_tailed
55,Golduck,Water,,500,80.0,82.0,78.0,95.0,80.0,85.0,1,False,Blue,True,0.5,Water_1,Field,False,1.7,76.6,75.0,bipedal_tailed
56,Mankey,Fighting,,305,40.0,80.0,35.0,35.0,45.0,70.0,1,False,Brown,True,0.5,Field,,False,0.51,28.0,190.0,bipedal_tailed
57,Primeape,Fighting,,455,65.0,105.0,60.0,60.0,70.0,95.0,1,False,Brown,True,0.5,Field,,False,0.99,32.0,75.0,bipedal_tailed
58,Growlithe,Fire,,350,55.0,70.0,45.0,70.0,50.0,60.0,1,False,Brown,True,0.75,Field,,False,0.71,19.0,190.0,quadruped
59,Arcanine,Fire,,555,90.0,110.0,80.0,100.0,80.0,95.0,1,False,Brown,True,0.75,Field,,False,1.91,155.0,75.0,quadruped
60,Poliwag,Water,,300,40.0,50.0,40.0,40.0,40.0,90.0,1,False,Blue,True,0.5,Water_1,,False,0.61,12.4,255.0,head_legs
61,Poliwhirl,Water,,385,65.0,65.0,65.0,50.0,50.0,90.0,1,False,Blue,True,0.5,Water_1,,False,0.99,20.0,120.0,bipedal_tailless
62,Poliwrath,Water,Fighting,510,90.0,95.0,95.0,70.0,90.0,70.0,1,False,Blue,True,0.5,Water_1,,False,1.3,54.0,45.0,bipedal_tailless
63,Abra,Psychic,,310,25.0,20.0,15.0,105.0,55.0,90.0,1,False,Brown,True,0.75,Human-Like,,False,0.89,19.5,200.0,bipedal_tailed
64,Kadabra,Psychic,,400,40.0,35.0,30.0,120.0,70.0,105.0,1,False,Brown,True,0.75,Human-Like,,False,1.3,56.5,100.0,bipedal_tailed
65,Alakazam,Psychic,,500,55.0,50.0,45.0,135.0,95.0,120.0,1,False,Brown,True,0.75,Human-Like,,True,1.5,48.0,50.0,bipedal_tailless
66,Machop,Fighting,,305,70.0,80.0,50.0,35.0,35.0,35.0,1,False,Grey,True,0.75,Human-Like,,False,0.79,19.5,180.0,bipedal_tailed
67,Machoke,Fighting,,405,80.0,100.0,70.0,50.0,60.0,45.0,1,False,Grey,True,0.75,Human-Like,,False,1.5,70.5,90.0,bipedal_tailless
68,Machamp,Fighting,,505,90.0,130.0,80.0,65.0,85.0,55.0,1,False,Grey,True,0.75,Human-Like,,False,1.6,130.0,45.0,bipedal_tailless
69,Bellsprout,Grass,Poison,300,50.0,75.0,35.0,70.0,30.0,40.0,1,False,Green,True,0.5,Grass,,False,0.71,4.0,255.0,bipedal_tailless
70,Weepinbell,Grass,Poison,390,65.0,90.0,50.0,85.0,45.0,55.0,1,False,Green,True,0.5,Grass,,False,0.99,6.4,120.0,head_base
71,Victreebel,Grass,Poison,490,80.0,105.0,65.0,100.0,70.0,70.0,1,False,Green,True,0.5,Grass,,False,1.7,15.5,45.0,head_base
72,Tentacool,Water,Poison,335,40.0,40.0,35.0,50.0,100.0,70.0,1,False,Blue,True,0.5,Water_3,,False,0.89,45.5,190.0,several_limbs
73,Tentacruel,Water,Poison,515,80.0,70.0,65.0,80.0,120.0,100.0,1,False,Blue,True,0.5,Water_3,,False,1.6,55.0,60.0,several_limbs
74,Geodude,Rock,Ground,300,40.0,80.0,100.0,30.0,30.0,20.0,1,False,Brown,True,0.5,Mineral,,False,0.41,20.0,255.0,head_arms
75,Graveler,Rock,Ground,390,55.0,95.0,115.0,45.0,45.0,35.0,1,False,Brown,True,0.5,Mineral,,False,0.99,105.0,120.0,bipedal_tailless
76,Golem,Rock,Ground,495,80.0,120.0,130.0,55.0,65.0,45.0,1,False,Brown,True,0.5,Mineral,,False,1.4,300.0,45.0,bipedal_tailless
77,Ponyta,Fire,,410,50.0,85.0,55.0,65.0,65.0,90.0,1,False,Yellow,True,0.5,Field,,False,0.99,30.0,190.0,quadruped
78,Rapidash,Fire,,500,65.0,100.0,70.0,80.0,80.0,105.0,1,False,Yellow,True,0.5,Field,,False,1.7,95.0,60.0,quadruped
79,Slowpoke,Water,Psychic,315,90.0,65.0,65.0,40.0,40.0,15.0,1,False,Pink,True,0.5,Monster,Water_1,False,1.19,36.0,190.0,quadruped
80,Slowbro,Water,Psychic,490,95.0,75.0,110.0,100.0,80.0,30.0,1,False,Pink,True,0.5,Monster,Water_1,True,1.6,78.5,75.0,bipedal_tailed
81,Magnemite,Electric,Steel,325,25.0,35.0,70.0,95.0,55.0,45.0,1,False,Grey,False,,Mineral,,False,0.3,6.0,190.0,head_arms
82,Magneton,Electric,Steel,465,50.0,60.0,95.0,120.0,70.0,70.0,1,False,Grey,False,,Mineral,,False,0.99,60.0,60.0,multiple_bodies
83,Farfetch'd,Normal,Flying,352,52.0,65.0,55.0,58.0,62.0,60.0,1,False,Brown,True,0.5,Flying,Field,False,0.79,15.0,45.0,two_wings
84,Doduo,Normal,Flying,310,35.0,85.0,45.0,35.0,35.0,75.0,1,False,Brown,True,0.5,Flying,,False,1.4,39.2,190.0,head_legs
85,Dodrio,Normal,Flying,460,60.0,110.0,70.0,60.0,60.0,100.0,1,False,Brown,True,0.5,Flying,,False,1.8,85.2,45.0,head_legs
86,Seel,Water,,325,65.0,45.0,55.0,45.0,70.0,45.0,1,False,White,True,0.5,Water_1,Field,False,1.09,90.0,190.0,with_fins
87,Dewgong,Water,Ice,475,90.0,70.0,80.0,70.0,95.0,70.0,1,False,White,True,0.5,Water_1,Field,False,1.7,120.0,75.0,with_fins
88,Grimer,Poison,,325,80.0,80.0,50.0,40.0,50.0,25.0,1,False,Purple,True,0.5,Amorphous,,False,0.89,30.0,190.0,head_arms
89,Muk,Poison,,500,105.0,105.0,75.0,65.0,100.0,50.0,1,False,Purple,True,0.5,Amorphous,,False,1.19,30.0,75.0,head_arms
90,Shellder,Water,,305,30.0,65.0,100.0,45.0,25.0,40.0,1,False,Purple,True,0.5,Water_3,,False,0.3,4.0,190.0,head_only
91,Cloyster,Water,Ice,525,50.0,95.0,180.0,85.0,45.0,70.0,1,False,Purple,True,0.5,Water_3,,False,1.5,132.5,60.0,head_only
92,Gastly,Ghost,Poison,310,30.0,35.0,30.0,100.0,35.0,80.0,1,False,Purple,True,0.5,Amorphous,,False,1.3,0.1,190.0,head_only
93,Haunter,Ghost,Poison,405,45.0,50.0,45.0,115.0,55.0,95.0,1,False,Purple,True,0.5,Amorphous,,False,1.6,0.1,90.0,head_arms
94,Gengar,Ghost,Poison,500,60.0,65.0,60.0,130.0,75.0,110.0,1,False,Purple,True,0.5,Amorphous,,True,1.5,40.5,45.0,bipedal_tailed
95,Onix,Rock,Ground,385,35.0,45.0,160.0,30.0,45.0,70.0,1,False,Grey,True,0.5,Mineral,,False,8.79,210.0,45.0,serpentine_body
96,Drowzee,Psychic,,328,60.0,48.0,45.0,43.0,90.0,42.0,1,False,Yellow,True,0.5,Human-Like,,False,0.99,32.4,190.0,bipedal_tailless
97,Hypno,Psychic,,483,85.0,73.0,70.0,73.0,115.0,67.0,1,False,Yellow,True,0.5,Human-Like,,False,1.6,75.6,75.0,bipedal_tailless
98,Krabby,Water,,325,30.0,105.0,90.0,25.0,25.0,50.0,1,False,Red,True,0.5,Water_3,,False,0.41,6.5,225.0,insectoid
99,Kingler,Water,,475,55.0,130.0,115.0,50.0,50.0,75.0,1,False,Red,True,0.5,Water_3,,False,1.3,60.0,60.0,insectoid
100,Voltorb,Electric,,330,40.0,30.0,50.0,55.0,55.0,100.0,1,False,Red,False,,Mineral,,False,0.51,10.4,190.0,head_only
101,Electrode,Electric,,480,60.0,50.0,70.0,80.0,80.0,140.0,1,False,Red,False,,Mineral,,False,1.19,66.6,60.0,head_only
102,Exeggcute,Grass,Psychic,325,60.0,40.0,80.0,60.0,45.0,40.0,1,False,Pink,True,0.5,Grass,,False,0.41,2.5,90.0,multiple_bodies
103,Exeggutor,Grass,Psychic,520,95.0,95.0,85.0,125.0,65.0,55.0,1,False,Yellow,True,0.5,Grass,,False,2.01,120.0,45.0,head_legs
104,Cubone,Ground,,320,50.0,50.0,95.0,40.0,50.0,35.0,1,False,Brown,True,0.5,Monster,,False,0.41,6.5,190.0,bipedal_tailed
105,Marowak,Ground,,425,60.0,80.0,110.0,50.0,80.0,45.0,1,False,Brown,True,0.5,Monster,,False,0.99,45.0,75.0,bipedal_tailed
106,Hitmonlee,Fighting,,455,50.0,120.0,53.0,35.0,110.0,87.0,1,False,Brown,True,1.0,Human-Like,,False,1.5,49.8,45.0,bipedal_tailless
107,Hitmonchan,Fighting,,455,50.0,105.0,79.0,35.0,110.0,76.0,1,False,Brown,True,1.0,Human-Like,,False,1.4,50.2,45.0,bipedal_tailless
108,Lickitung,Normal,,385,90.0,55.0,75.0,60.0,75.0,30.0,1,False,Pink,True,0.5,Monster,,False,1.19,65.5,45.0,bipedal_tailed
109,Koffing,Poison,,340,40.0,65.0,95.0,60.0,45.0,35.0,1,False,Purple,True,0.5,Amorphous,,False,0.61,1.0,190.0,head_only
110,Weezing,Poison,,490,65.0,90.0,120.0,85.0,70.0,60.0,1,False,Purple,True,0.5,Amorphous,,False,1.19,9.5,60.0,multiple_bodies
111,Rhyhorn,Ground,Rock,345,80.0,85.0,95.0,30.0,30.0,25.0,1,False,Grey,True,0.5,Monster,Field,False,0.99,115.0,120.0,quadruped
112,Rhydon,Ground,Rock,485,105.0,130.0,120.0,45.0,45.0,40.0,1,False,Grey,True,0.5,Monster,Field,False,1.91,120.0,60.0,bipedal_tailed
113,Chansey,Normal,,450,250.0,5.0,5.0,35.0,105.0,50.0,1,False,Pink,True,0.0,Fairy,,False,1.09,34.6,30.0,bipedal_tailed
114,Tangela,Grass,,435,65.0,55.0,115.0,100.0,40.0,60.0,1,False,Blue,True,0.5,Grass,,False,0.99,35.0,45.0,head_legs
115,Kangaskhan,Normal,,490,105.0,95.0,80.0,40.0,80.0,90.0,1,False,Brown,True,0.0,Monster,,True,2.21,80.0,45.0,bipedal_tailed
116,Horsea,Water,,295,30.0,40.0,70.0,70.0,25.0,60.0,1,False,Blue,True,0.5,Water_1,Dragon,False,0.41,8.0,225.0,head_base
117,Seadra,Water,,440,55.0,65.0,95.0,95.0,45.0,85.0,1,False,Blue,True,0.5,Water_1,Dragon,False,1.19,25.0,75.0,head_base
118,Goldeen,Water,,320,45.0,67.0,60.0,35.0,50.0,63.0,1,False,Red,True,0.5,Water_2,,False,0.61,15.0,225.0,with_fins
119,Seaking,Water,,450,80.0,92.0,65.0,65.0,80.0,68.0,1,False,Red,True,0.5,Water_2,,False,1.3,39.0,60.0,with_fins
120,Staryu,Water,,340,30.0,45.0,55.0,70.0,55.0,85.0,1,False,Brown,False,,Water_3,,False,0.79,34.5,225.0,head_base
121,Starmie,Water,Psychic,520,60.0,75.0,85.0,100.0,85.0,115.0,1,False,Purple,False,,Water_3,,False,1.09,80.0,60.0,head_base
122,Mr._Mime,Psychic,Fairy,460,40.0,45.0,65.0,100.0,120.0,90.0,1,False,Pink,True,0.5,Human-Like,,False,1.3,54.5,45.0,bipedal_tailless
123,Scyther,Bug,Flying,500,70.0,110.0,80.0,55.0,80.0,105.0,1,False,Green,True,0.5,Bug,,False,1.5,56.0,45.0,four_wings
124,Jynx,Ice,Psychic,455,65.0,50.0,35.0,115.0,95.0,95.0,1,False,Red,True,0.0,Human-Like,,False,1.4,40.6,45.0,bipedal_tailless
125,Electabuzz,Electric,,490,65.0,83.0,57.0,95.0,85.0,105.0,1,False,Yellow,True,0.75,Human-Like,,False,1.09,30.0,45.0,bipedal_tailed
126,Magmar,Fire,,495,65.0,95.0,57.0,100.0,85.0,93.0,1,False,Red,True,0.75,Human-Like,,False,1.3,44.5,45.0,bipedal_tailed
127,Pinsir,Bug,,500,65.0,125.0,100.0,55.0,70.0,85.0,1,False,Brown,True,0.5,Bug,,True,1.5,55.0,45.0,bipedal_tailless
128,Tauros,Normal,,490,75.0,100.0,95.0,40.0,70.0,110.0,1,False,Brown,True,1.0,Field,,False,1.4,88.4,45.0,quadruped
129,Magikarp,Water,,200,20.0,10.0,55.0,15.0,20.0,80.0,1,False,Red,True,0.5,Water_2,Dragon,False,0.89,10.0,255.0,with_fins
130,Gyarados,Water,Flying,540,95.0,125.0,79.0,60.0,100.0,81.0,1,False,Blue,True,0.5,Water_2,Dragon,True,6.5,235.0,45.0,serpentine_body
131,Lapras,Water,Ice,535,130.0,85.0,80.0,85.0,95.0,60.0,1,False,Blue,True,0.5,Monster,Water_1,False,2.49,220.0,45.0,with_fins
132,Ditto,Normal,,288,48.0,48.0,48.0,48.0,48.0,48.0,1,False,Purple,False,,Ditto,,False,0.3,4.0,35.0,head_only
133,Eevee,Normal,,325,55.0,55.0,50.0,45.0,65.0,55.0,1,False,Brown,True,0.875,Field,,False,0.3,6.5,45.0,quadruped
134,Vaporeon,Water,,525,130.0,65.0,60.0,110.0,95.0,65.0,1,False,Blue,True,0.875,Field,,False,0.99,29.0,45.0,quadruped
135,Jolteon,Electric,,525,65.0,65.0,60.0,110.0,95.0,130.0,1,False,Yellow,True,0.875,Field,,False,0.79,24.5,45.0,quadruped
136,Flareon,Fire,,525,65.0,130.0,60.0,95.0,110.0,65.0,1,False,Red,True,0.875,Field,,False,0.89,25.0,45.0,quadruped
137,Porygon,Normal,,395,65.0,60.0,70.0,85.0,75.0,40.0,1,False,Pink,False,,Mineral,,False,0.79,36.5,45.0,head_legs
138,Omanyte,Rock,Water,355,35.0,40.0,100.0,90.0,55.0,35.0,1,False,Blue,True,0.875,Water_1,Water_3,False,0.41,7.5,45.0,several_limbs
139,Omastar,Rock,Water,495,70.0,60.0,125.0,115.0,70.0,55.0,1,False,Blue,True,0.875,Water_1,Water_3,False,0.99,35.0,45.0,several_limbs
140,Kabuto,Rock,Water,355,30.0,80.0,90.0,55.0,45.0,55.0,1,False,Brown,True,0.875,Water_1,Water_3,False,0.51,11.5,45.0,insectoid
141,Kabutops,Rock,Water,495,60.0,115.0,105.0,65.0,70.0,80.0,1,False,Brown,True,0.875,Water_1,Water_3,False,1.3,40.5,45.0,bipedal_tailed
142,Aerodactyl,Rock,Flying,515,80.0,105.0,65.0,60.0,75.0,130.0,1,False,Purple,True,0.875,Flying,,True,1.8,59.0,45.0,two_wings
143,Snorlax,Normal,,540,160.0,110.0,65.0,65.0,110.0,30.0,1,False,Black,True,0.875,Monster,,False,2.11,460.0,25.0,bipedal_tailless
144,Articuno,Ice,Flying,580,90.0,85.0,100.0,95.0,125.0,85.0,1,True,Blue,False,,Undiscovered,,False,1.7,55.4,3.0,two_wings
145,Zapdos,Electric,Flying,580,90.0,90.0,85.0,125.0,90.0,100.0,1,True,Yellow,False,,Undiscovered,,False,1.6,52.6,3.0,two_wings
146,Moltres,Fire,Flying,580,90.0,100.0,90.0,125.0,85.0,90.0,1,True,Yellow,False,,Undiscovered,,False,2.01,60.0,3.0,two_wings
147,Dratini,Dragon,,300,41.0,64.0,45.0,50.0,50.0,50.0,1,False,Blue,True,0.5,Water_1,Dragon,False,1.8,3.3,45.0,serpentine_body
148,Dragonair,Dragon,,420,61.0,84.0,65.0,70.0,70.0,70.0,1,False,Blue,True,0.5,Water_1,Dragon,False,3.99,16.5,45.0,serpentine_body
149,Dragonite,Dragon,Flying,600,91.0,134.0,95.0,100.0,100.0,80.0,1,False,Brown,True,0.5,Water_1,Dragon,False,2.21,210.0,45.0,bipedal_tailed
150,Mewtwo,Psychic,,680,106.0,110.0,90.0,154.0,90.0,130.0,1,True,Purple,False,,Undiscovered,,True,2.01,122.0,3.0,bipedal_tailed
151,Mew,Psychic,,600,100.0,100.0,100.0,100.0,100.0,100.0,1,False,Pink,False,,Undiscovered,,False,0.41,4.0,45.0,bipedal_tailed
152,Chikorita,Grass,,318,45.0,49.0,65.0,49.0,65.0,45.0,2,False,Green,True,0.875,Monster,Grass,False,0.89,6.4,45.0,quadruped
153,Bayleef,Grass,,405,60.0,62.0,80.0,63.0,80.0,60.0,2,False,Green,True,0.875,Monster,Grass,False,1.19,15.8,45.0,quadruped
154,Meganium,Grass,,525,80.0,82.0,100.0,83.0,100.0,80.0,2,False,Green,True,0.875,Monster,Grass,False,1.8,100.5,45.0,quadruped
155,Cyndaquil,Fire,,309,39.0,52.0,43.0,60.0,50.0,65.0,2,False,Yellow,True,0.875,Field,,False,0.51,7.9,45.0,bipedal_tailless
156,Quilava,Fire,,405,58.0,64.0,58.0,80.0,65.0,80.0,2,False,Yellow,True,0.875,Field,,False,0.89,19.0,45.0,quadruped
157,Typhlosion,Fire,,534,78.0,84.0,78.0,109.0,85.0,100.0,2,False,Yellow,True,0.875,Field,,False,1.7,79.5,45.0,quadruped
158,Totodile,Water,,314,50.0,65.0,64.0,44.0,48.0,43.0,2,False,Blue,True,0.875,Monster,Water_1,False,0.61,9.5,45.0,bipedal_tailed
159,Croconaw,Water,,405,65.0,80.0,80.0,59.0,63.0,58.0,2,False,Blue,True,0.875,Monster,Water_1,False,1.09,25.0,45.0,bipedal_tailed
160,Feraligatr,Water,,530,85.0,105.0,100.0,79.0,83.0,78.0,2,False,Blue,True,0.875,Monster,Water_1,False,2.31,88.8,45.0,bipedal_tailed
161,Sentret,Normal,,215,35.0,46.0,34.0,35.0,45.0,20.0,2,False,Brown,True,0.5,Field,,False,0.79,6.0,255.0,quadruped
162,Furret,Normal,,415,85.0,76.0,64.0,45.0,55.0,90.0,2,False,Brown,True,0.5,Field,,False,1.8,32.5,90.0,quadruped
163,Hoothoot,Normal,Flying,262,60.0,30.0,30.0,36.0,56.0,50.0,2,False,Brown,True,0.5,Flying,,False,0.71,21.2,255.0,two_wings
164,Noctowl,Normal,Flying,442,100.0,50.0,50.0,76.0,96.0,70.0,2,False,Brown,True,0.5,Flying,,False,1.6,40.8,90.0,two_wings
165,Ledyba,Bug,Flying,265,40.0,20.0,30.0,40.0,80.0,55.0,2,False,Red,True,0.5,Bug,,False,0.99,10.8,255.0,two_wings
166,Ledian,Bug,Flying,390,55.0,35.0,50.0,55.0,110.0,85.0,2,False,Red,True,0.5,Bug,,False,1.4,35.6,90.0,two_wings
167,Spinarak,Bug,Poison,250,40.0,60.0,40.0,40.0,40.0,30.0,2,False,Green,True,0.5,Bug,,False,0.51,8.5,255.0,insectoid
168,Ariados,Bug,Poison,390,70.0,90.0,70.0,60.0,60.0,40.0,2,False,Red,True,0.5,Bug,,False,1.09,33.5,90.0,insectoid
169,Crobat,Poison,Flying,535,85.0,90.0,80.0,70.0,80.0,130.0,2,False,Purple,True,0.5,Flying,,False,1.8,75.0,90.0,four_wings
170,Chinchou,Water,Electric,330,75.0,38.0,38.0,56.0,56.0,67.0,2,False,Blue,True,0.5,Water_2,,False,0.51,12.0,190.0,with_fins
171,Lanturn,Water,Electric,460,125.0,58.0,58.0,76.0,76.0,67.0,2,False,Blue,True,0.5,Water_2,,False,1.19,22.5,75.0,with_fins
172,Pichu,Electric,,205,20.0,40.0,15.0,35.0,35.0,60.0,2,False,Yellow,True,0.5,Undiscovered,,False,0.3,2.0,190.0,quadruped
173,Cleffa,Fairy,,218,50.0,25.0,28.0,45.0,55.0,15.0,2,False,Pink,True,0.25,Undiscovered,,False,0.3,3.0,150.0,bipedal_tailed
174,Igglybuff,Normal,Fairy,210,90.0,30.0,15.0,40.0,20.0,15.0,2,False,Pink,True,0.25,Undiscovered,,False,0.3,1.0,170.0,bipedal_tailless
175,Togepi,Fairy,,245,35.0,20.0,65.0,40.0,65.0,20.0,2,False,White,True,0.875,Undiscovered,,False,0.3,1.5,190.0,bipedal_tailless
176,Togetic,Fairy,Flying,405,55.0,40.0,85.0,80.0,105.0,40.0,2,False,White,True,0.875,Flying,Fairy,False,0.61,3.2,75.0,bipedal_tailless
177,Natu,Psychic,Flying,320,40.0,50.0,45.0,70.0,45.0,70.0,2,False,Green,True,0.5,Flying,,False,0.2,2.0,190.0,two_wings
178,Xatu,Psychic,Flying,470,65.0,75.0,70.0,95.0,70.0,95.0,2,False,Green,True,0.5,Flying,,False,1.5,15.0,75.0,two_wings
179,Mareep,Electric,,280,55.0,40.0,40.0,65.0,45.0,35.0,2,False,White,True,0.5,Monster,Field,False,0.61,7.8,235.0,quadruped
180,Flaaffy,Electric,,365,70.0,55.0,55.0,80.0,60.0,45.0,2,False,Pink,True,0.5,Monster,Field,False,0.79,13.3,120.0,bipedal_tailed
181,Ampharos,Electric,,510,90.0,75.0,85.0,115.0,90.0,55.0,2,False,Yellow,True,0.5,Monster,Field,True,1.4,61.5,45.0,bipedal_tailed
182,Bellossom,Grass,,490,75.0,80.0,95.0,90.0,100.0,50.0,2,False,Green,True,0.5,Grass,,False,0.41,5.8,45.0,bipedal_tailless
183,Marill,Water,Fairy,250,70.0,20.0,50.0,20.0,50.0,40.0,2,False,Blue,True,0.5,Water_1,Fairy,False,0.41,8.5,190.0,bipedal_tailed
184,Azumarill,Water,Fairy,420,100.0,50.0,80.0,60.0,80.0,50.0,2,False,Blue,True,0.5,Water_1,Fairy,False,0.79,28.5,75.0,bipedal_tailed
185,Sudowoodo,Rock,,410,70.0,100.0,115.0,30.0,65.0,30.0,2,False,Brown,True,0.5,Mineral,,False,1.19,38.0,65.0,bipedal_tailless
186,Politoed,Water,,500,90.0,75.0,75.0,90.0,100.0,70.0,2,False,Green,True,0.5,Water_1,,False,1.09,33.9,45.0,bipedal_tailed
187,Hoppip,Grass,Flying,250,35.0,35.0,40.0,35.0,55.0,50.0,2,False,Pink,True,0.5,Fairy,Grass,False,0.41,0.5,255.0,bipedal_tailed
188,Skiploom,Grass,Flying,340,55.0,45.0,50.0,45.0,65.0,80.0,2,False,Green,True,0.5,Fairy,Grass,False,0.61,1.0,120.0,bipedal_tailed
189,Jumpluff,Grass,Flying,460,75.0,55.0,70.0,55.0,95.0,110.0,2,False,Blue,True,0.5,Fairy,Grass,False,0.79,3.0,45.0,bipedal_tailed
190,Aipom,Normal,,360,55.0,70.0,55.0,40.0,55.0,85.0,2,False,Purple,True,0.5,Field,,False,0.79,11.5,45.0,bipedal_tailed
191,Sunkern,Grass,,180,30.0,30.0,30.0,30.0,30.0,30.0,2,False,Yellow,True,0.5,Grass,,False,0.3,1.8,235.0,head_only
192,Sunflora,Grass,,425,75.0,75.0,55.0,105.0,85.0,30.0,2,False,Yellow,True,0.5,Grass,,False,0.79,8.5,120.0,bipedal_tailless
193,Yanma,Bug,Flying,390,65.0,65.0,45.0,75.0,45.0,95.0,2,False,Red,True,0.5,Bug,,False,1.19,38.0,75.0,four_wings
194,Wooper,Water,Ground,210,55.0,45.0,45.0,25.0,25.0,15.0,2,False,Blue,True,0.5,Water_1,Field,False,0.41,8.5,255.0,head_legs
195,Quagsire,Water,Ground,430,95.0,85.0,85.0,65.0,65.0,35.0,2,False,Blue,True,0.5,Water_1,Field,False,1.4,75.0,90.0,bipedal_tailed
196,Espeon,Psychic,,525,65.0,65.0,60.0,130.0,95.0,110.0,2,False,Purple,True,0.875,Field,,False,0.89,26.5,45.0,quadruped
197,Umbreon,Dark,,525,95.0,65.0,110.0,60.0,130.0,65.0,2,False,Black,True,0.875,Field,,False,0.99,27.0,45.0,quadruped
198,Murkrow,Dark,Flying,405,60.0,85.0,42.0,85.0,42.0,91.0,2,False,Black,True,0.5,Flying,,False,0.51,2.1,30.0,two_wings
199,Slowking,Water,Psychic,490,95.0,75.0,80.0,100.0,110.0,30.0,2,False,Pink,True,0.5,Monster,Water_1,False,2.01,79.5,70.0,bipedal_tailed
200,Misdreavus,Ghost,,435,60.0,60.0,60.0,85.0,85.0,85.0,2,False,Purple,True,0.5,Amorphous,,False,0.71,1.0,45.0,head_only
201,Unown,Psychic,,336,48.0,72.0,48.0,72.0,48.0,48.0,2,False,Black,False,,Undiscovered,,False,0.51,5.0,225.0,head_only
202,Wobbuffet,Psychic,,405,190.0,33.0,58.0,33.0,58.0,33.0,2,False,Blue,True,0.5,Amorphous,,False,1.3,28.5,45.0,head_base
203,Girafarig,Normal,Psychic,455,70.0,80.0,65.0,90.0,65.0,85.0,2,False,Yellow,True,0.5,Field,,False,1.5,41.5,60.0,quadruped
204,Pineco,Bug,,290,50.0,65.0,90.0,35.0,35.0,15.0,2,False,Grey,True,0.5,Bug,,False,0.61,7.2,190.0,head_only
205,Forretress,Bug,Steel,465,75.0,90.0,140.0,60.0,60.0,40.0,2,False,Purple,True,0.5,Bug,,False,1.19,125.8,75.0,head_only
206,Dunsparce,Normal,,415,100.0,70.0,70.0,65.0,65.0,45.0,2,False,Yellow,True,0.5,Field,,False,1.5,14.0,190.0,serpentine_body
207,Gligar,Ground,Flying,430,65.0,75.0,105.0,35.0,65.0,85.0,2,False,Purple,True,0.5,Bug,,False,1.09,64.8,60.0,two_wings
208,Steelix,Steel,Ground,510,75.0,85.0,200.0,55.0,65.0,30.0,2,False,Grey,True,0.5,Mineral,,True,9.19,400.0,25.0,serpentine_body
209,Snubbull,Fairy,,300,60.0,80.0,50.0,40.0,40.0,30.0,2,False,Pink,True,0.25,Field,Fairy,False,0.61,7.8,190.0,bipedal_tailless
210,Granbull,Fairy,,450,90.0,120.0,75.0,60.0,60.0,45.0,2,False,Purple,True,0.25,Field,Fairy,False,1.4,48.7,75.0,bipedal_tailed
211,Qwilfish,Water,Poison,430,65.0,95.0,75.0,55.0,55.0,85.0,2,False,Grey,True,0.5,Water_2,,False,0.51,3.9,45.0,with_fins
212,Scizor,Bug,Steel,500,70.0,130.0,100.0,55.0,80.0,65.0,2,False,Red,True,0.5,Bug,,True,1.8,118.0,25.0,four_wings
213,Shuckle,Bug,Rock,505,20.0,10.0,230.0,10.0,230.0,5.0,2,False,Yellow,True,0.5,Bug,,False,0.61,20.5,190.0,insectoid
214,Heracross,Bug,Fighting,500,80.0,125.0,75.0,40.0,95.0,85.0,2,False,Blue,True,0.5,Bug,,True,1.5,54.0,45.0,bipedal_tailless
215,Sneasel,Dark,Ice,430,55.0,95.0,55.0,35.0,75.0,115.0,2,False,Black,True,0.5,Field,,False,0.89,28.0,60.0,bipedal_tailed
216,Teddiursa,Normal,,330,60.0,80.0,50.0,50.0,50.0,40.0,2,False,Brown,True,0.5,Field,,False,0.61,8.8,120.0,bipedal_tailed
217,Ursaring,Normal,,500,90.0,130.0,75.0,75.0,75.0,55.0,2,False,Brown,True,0.5,Field,,False,1.8,125.8,60.0,bipedal_tailed
218,Slugma,Fire,,250,40.0,40.0,40.0,70.0,40.0,20.0,2,False,Red,True,0.5,Amorphous,,False,0.71,35.0,190.0,serpentine_body
219,Magcargo,Fire,Rock,410,50.0,50.0,120.0,80.0,80.0,30.0,2,False,Red,True,0.5,Amorphous,,False,0.79,55.0,75.0,serpentine_body
220,Swinub,Ice,Ground,250,50.0,50.0,40.0,30.0,30.0,50.0,2,False,Brown,True,0.5,Field,,False,0.41,6.5,225.0,quadruped
221,Piloswine,Ice,Ground,450,100.0,100.0,80.0,60.0,60.0,50.0,2,False,Brown,True,0.5,Field,,False,1.09,55.8,75.0,quadruped
222,Corsola,Water,Rock,380,55.0,55.0,85.0,65.0,85.0,35.0,2,False,Pink,True,0.25,Water_1,Water_3,False,0.61,5.0,60.0,insectoid
223,Remoraid,Water,,300,35.0,65.0,35.0,65.0,35.0,65.0,2,False,Grey,True,0.5,Water_1,Water_2,False,0.61,12.0,190.0,with_fins
224,Octillery,Water,,480,75.0,105.0,75.0,105.0,75.0,45.0,2,False,Red,True,0.5,Water_1,Water_2,False,0.89,28.5,75.0,several_limbs
225,Delibird,Ice,Flying,330,45.0,55.0,45.0,65.0,45.0,75.0,2,False,Red,True,0.5,Water_1,Field,False,0.89,16.0,45.0,two_wings
226,Mantine,Water,Flying,465,65.0,40.0,70.0,80.0,140.0,70.0,2,False,Purple,True,0.5,Water_1,,False,2.11,220.0,25.0,two_wings
227,Skarmory,Steel,Flying,465,65.0,80.0,140.0,40.0,70.0,70.0,2,False,Grey,True,0.5,Flying,,False,1.7,50.5,25.0,two_wings
228,Houndour,Dark,Fire,330,45.0,60.0,30.0,80.0,50.0,65.0,2,False,Black,True,0.5,Field,,False,0.61,10.8,120.0,quadruped
229,Houndoom,Dark,Fire,500,75.0,90.0,50.0,110.0,80.0,95.0,2,False,Black,True,0.5,Field,,True,1.4,35.0,45.0,quadruped
230,Kingdra,Water,Dragon,540,75.0,95.0,95.0,95.0,95.0,85.0,2,False,Blue,True,0.5,Water_1,Dragon,False,1.8,152.0,45.0,head_base
231,Phanpy,Ground,,330,90.0,60.0,60.0,40.0,40.0,40.0,2,False,Blue,True,0.5,Field,,False,0.51,33.5,120.0,quadruped
232,Donphan,Ground,,500,90.0,120.0,120.0,60.0,60.0,50.0,2,False,Grey,True,0.5,Field,,False,1.09,120.0,60.0,quadruped
233,Porygon2,Normal,,515,85.0,80.0,90.0,105.0,95.0,60.0,2,False,Red,False,,Mineral,,False,0.61,32.5,45.0,head_legs
234,Stantler,Normal,,465,73.0,95.0,62.0,85.0,65.0,85.0,2,False,Brown,True,0.5,Field,,False,1.4,71.2,45.0,quadruped
235,Smeargle,Normal,,250,55.0,20.0,35.0,20.0,45.0,75.0,2,False,White,True,0.5,Field,,False,1.19,58.0,45.0,bipedal_tailed
236,Tyrogue,Fighting,,210,35.0,35.0,35.0,35.0,35.0,35.0,2,False,Purple,True,1.0,Undiscovered,,False,0.71,21.0,75.0,bipedal_tailless
237,Hitmontop,Fighting,,455,50.0,95.0,95.0,35.0,110.0,70.0,2,False,Brown,True,1.0,Human-Like,,False,1.4,48.0,45.0,bipedal_tailed
238,Smoochum,Ice,Psychic,305,45.0,30.0,15.0,85.0,65.0,65.0,2,False,Pink,True,0.0,Undiscovered,,False,0.41,6.0,45.0,bipedal_tailless
239,Elekid,Electric,,360,45.0,63.0,37.0,65.0,55.0,95.0,2,False,Yellow,True,0.75,Undiscovered,,False,0.61,23.5,45.0,bipedal_tailless
240,Magby,Fire,,365,45.0,75.0,37.0,70.0,55.0,83.0,2,False,Red,True,0.75,Undiscovered,,False,0.71,21.4,45.0,bipedal_tailed
241,Miltank,Normal,,490,95.0,80.0,105.0,40.0,70.0,100.0,2,False,Pink,True,0.0,Field,,False,1.19,75.5,45.0,bipedal_tailed
242,Blissey,Normal,,540,255.0,10.0,10.0,75.0,135.0,55.0,2,False,Pink,True,0.0,Fairy,,False,1.5,46.8,30.0,bipedal_tailless
243,Raikou,Electric,,580,90.0,85.0,75.0,115.0,100.0,115.0,2,True,Yellow,False,,Undiscovered,,False,1.91,178.0,3.0,quadruped
244,Entei,Fire,,580,115.0,115.0,85.0,90.0,75.0,100.0,2,True,Brown,False,,Undiscovered,,False,2.11,198.0,3.0,quadruped
245,Suicune,Water,,580,100.0,75.0,115.0,90.0,115.0,85.0,2,True,Blue,False,,Undiscovered,,False,2.01,187.0,3.0,quadruped
246,Larvitar,Rock,Ground,300,50.0,64.0,50.0,45.0,50.0,41.0,2,False,Green,True,0.5,Monster,,False,0.61,72.0,45.0,bipedal_tailed
247,Pupitar,Rock,Ground,410,70.0,84.0,70.0,65.0,70.0,51.0,2,False,Grey,True,0.5,Monster,,False,1.19,152.0,45.0,serpentine_body
248,Tyranitar,Rock,Dark,600,100.0,134.0,110.0,95.0,100.0,61.0,2,False,Green,True,0.5,Monster,,True,2.01,202.0,45.0,bipedal_tailed
249,Lugia,Psychic,Flying,680,106.0,90.0,130.0,90.0,154.0,110.0,2,True,White,False,,Undiscovered,,False,5.21,216.0,3.0,two_wings
250,Ho-Oh,Fire,Flying,680,106.0,130.0,90.0,110.0,154.0,90.0,2,True,Red,False,,Undiscovered,,False,3.81,199.0,3.0,two_wings
251,Celebi,Psychic,Grass,600,100.0,100.0,100.0,100.0,100.0,100.0,2,False,Green,False,,Undiscovered,,False,0.61,5.0,45.0,bipedal_tailless
252,Treecko,Grass,,310,40.0,45.0,35.0,65.0,55.0,70.0,3,False,Green,True,0.875,Monster,Dragon,False,0.51,5.0,45.0,bipedal_tailed
253,Grovyle,Grass,,405,50.0,65.0,45.0,85.0,65.0,95.0,3,False,Green,True,0.875,Monster,Dragon,False,0.89,21.6,45.0,bipedal_tailed
254,Sceptile,Grass,,530,70.0,85.0,65.0,105.0,85.0,120.0,3,False,Green,True,0.875,Monster,Dragon,True,1.7,52.2,45.0,bipedal_tailed
255,Torchic,Fire,,310,45.0,60.0,40.0,70.0,50.0,45.0,3,False,Red,True,0.875,Field,,False,0.41,2.5,45.0,head_legs
256,Combusken,Fire,Fighting,405,60.0,85.0,60.0,85.0,60.0,55.0,3,False,Red,True,0.875,Field,,False,0.89,19.5,45.0,bipedal_tailed
257,Blaziken,Fire,Fighting,530,80.0,120.0,70.0,110.0,70.0,80.0,3,False,Red,True,0.875,Field,,True,1.91,52.0,45.0,bipedal_tailed
258,Mudkip,Water,,310,50.0,70.0,50.0,50.0,50.0,40.0,3,False,Blue,True,0.875,Monster,Water_1,False,0.41,7.6,45.0,quadruped
259,Marshtomp,Water,Ground,405,70.0,85.0,70.0,60.0,70.0,50.0,3,False,Blue,True,0.875,Monster,Water_1,False,0.71,28.0,45.0,bipedal_tailed
260,Swampert,Water,Ground,535,100.0,110.0,90.0,85.0,90.0,60.0,3,False,Blue,True,0.875,Monster,Water_1,True,1.5,81.9,45.0,bipedal_tailed
261,Poochyena,Dark,,220,35.0,55.0,35.0,30.0,30.0,35.0,3,False,Grey,True,0.5,Field,,False,0.51,13.6,255.0,quadruped
262,Mightyena,Dark,,420,70.0,90.0,70.0,60.0,60.0,70.0,3,False,Grey,True,0.5,Field,,False,0.99,37.0,127.0,quadruped
263,Zigzagoon,Normal,,240,38.0,30.0,41.0,30.0,41.0,60.0,3,False,Brown,True,0.5,Field,,False,0.41,17.5,255.0,quadruped
264,Linoone,Normal,,420,78.0,70.0,61.0,50.0,61.0,100.0,3,False,White,True,0.5,Field,,False,0.51,32.5,90.0,quadruped
265,Wurmple,Bug,,195,45.0,45.0,35.0,20.0,30.0,20.0,3,False,Red,True,0.5,Bug,,False,0.3,3.6,255.0,serpentine_body
266,Silcoon,Bug,,205,50.0,35.0,55.0,25.0,25.0,15.0,3,False,White,True,0.5,Bug,,False,0.61,10.0,120.0,head_only
267,Beautifly,Bug,Flying,395,60.0,70.0,50.0,100.0,50.0,65.0,3,False,Yellow,True,0.5,Bug,,False,0.99,28.4,45.0,four_wings
268,Cascoon,Bug,,205,50.0,35.0,55.0,25.0,25.0,15.0,3,False,Purple,True,0.5,Bug,,False,0.71,11.5,120.0,head_only
269,Dustox,Bug,Poison,385,60.0,50.0,70.0,50.0,90.0,65.0,3,False,Green,True,0.5,Bug,,False,1.19,31.6,45.0,four_wings
270,Lotad,Water,Grass,220,40.0,30.0,30.0,40.0,50.0,30.0,3,False,Green,True,0.5,Water_1,Grass,False,0.51,2.6,255.0,insectoid
271,Lombre,Water,Grass,340,60.0,50.0,50.0,60.0,70.0,50.0,3,False,Green,True,0.5,Water_1,Grass,False,1.19,32.5,120.0,bipedal_tailless
272,Ludicolo,Water,Grass,480,80.0,70.0,70.0,90.0,100.0,70.0,3,False,Green,True,0.5,Water_1,Grass,False,1.5,55.0,45.0,bipedal_tailless
273,Seedot,Grass,,220,40.0,40.0,50.0,30.0,30.0,30.0,3,False,Brown,True,0.5,Field,Grass,False,0.51,4.0,255.0,head_legs
274,Nuzleaf,Grass,Dark,340,70.0,70.0,40.0,60.0,40.0,60.0,3,False,Brown,True,0.5,Field,Grass,False,0.99,28.0,120.0,bipedal_tailless
275,Shiftry,Grass,Dark,480,90.0,100.0,60.0,90.0,60.0,80.0,3,False,Brown,True,0.5,Field,Grass,False,1.3,59.6,45.0,bipedal_tailless
276,Taillow,Normal,Flying,270,40.0,55.0,30.0,30.0,30.0,85.0,3,False,Blue,True,0.5,Flying,,False,0.3,2.3,200.0,two_wings
277,Swellow,Normal,Flying,430,60.0,85.0,60.0,50.0,50.0,125.0,3,False,Blue,True,0.5,Flying,,False,0.71,19.8,45.0,two_wings
278,Wingull,Water,Flying,270,40.0,30.0,30.0,55.0,30.0,85.0,3,False,White,True,0.5,Water_1,Flying,False,0.61,9.5,190.0,two_wings
279,Pelipper,Water,Flying,430,60.0,50.0,100.0,85.0,70.0,65.0,3,False,Yellow,True,0.5,Water_1,Flying,False,1.19,28.0,45.0,two_wings
280,Ralts,Psychic,Fairy,198,28.0,25.0,25.0,45.0,35.0,40.0,3,False,White,True,0.5,Amorphous,,False,0.41,6.6,235.0,bipedal_tailless
281,Kirlia,Psychic,Fairy,278,38.0,35.0,35.0,65.0,55.0,50.0,3,False,White,True,0.5,Amorphous,,False,0.79,20.2,120.0,bipedal_tailless
282,Gardevoir,Psychic,Fairy,518,68.0,65.0,65.0,125.0,115.0,80.0,3,False,White,True,0.5,Amorphous,,True,1.6,48.4,45.0,bipedal_tailless
283,Surskit,Bug,Water,269,40.0,30.0,32.0,50.0,52.0,65.0,3,False,Blue,True,0.5,Water_1,Bug,False,0.51,1.7,200.0,insectoid
284,Masquerain,Bug,Flying,414,70.0,60.0,62.0,80.0,82.0,60.0,3,False,Blue,True,0.5,Water_1,Bug,False,0.79,3.6,75.0,four_wings
285,Shroomish,Grass,,295,60.0,40.0,60.0,40.0,60.0,35.0,3,False,Brown,True,0.5,Fairy,Grass,False,0.41,4.5,255.0,head_legs
286,Breloom,Grass,Fighting,460,60.0,130.0,80.0,60.0,60.0,70.0,3,False,Green,True,0.5,Fairy,Grass,False,1.19,39.2,90.0,bipedal_tailed
287,Slakoth,Normal,,280,60.0,60.0,60.0,35.0,35.0,30.0,3,False,Brown,True,0.5,Field,,False,0.79,24.0,255.0,quadruped
288,Vigoroth,Normal,,440,80.0,80.0,80.0,55.0,55.0,90.0,3,False,White,True,0.5,Field,,False,1.4,46.5,120.0,bipedal_tailed
289,Slaking,Normal,,670,150.0,160.0,100.0,95.0,65.0,100.0,3,False,Brown,True,0.5,Field,,False,2.01,130.5,45.0,bipedal_tailless
290,Nincada,Bug,Ground,266,31.0,45.0,90.0,30.0,30.0,40.0,3,False,Grey,True,0.5,Bug,,False,0.51,5.5,255.0,insectoid
291,Ninjask,Bug,Flying,456,61.0,90.0,45.0,50.0,50.0,160.0,3,False,Yellow,True,0.5,Bug,,False,0.79,12.0,120.0,four_wings
292,Shedinja,Bug,Ghost,236,1.0,90.0,45.0,30.0,30.0,40.0,3,False,Brown,False,,Mineral,,False,0.79,1.2,45.0,head_base
293,Whismur,Normal,,240,64.0,51.0,23.0,51.0,23.0,28.0,3,False,Pink,True,0.5,Monster,Field,False,0.61,16.3,190.0,bipedal_tailed
294,Loudred,Normal,,360,84.0,71.0,43.0,71.0,43.0,48.0,3,False,Blue,True,0.5,Monster,Field,False,0.99,40.5,120.0,bipedal_tailed
295,Exploud,Normal,,490,104.0,91.0,63.0,91.0,73.0,68.0,3,False,Blue,True,0.5,Monster,Field,False,1.5,84.0,45.0,bipedal_tailed
296,Makuhita,Fighting,,237,72.0,60.0,30.0,20.0,30.0,25.0,3,False,Yellow,True,0.75,Human-Like,,False,0.99,86.4,180.0,bipedal_tailless
297,Hariyama,Fighting,,474,144.0,120.0,60.0,40.0,60.0,50.0,3,False,Brown,True,0.75,Human-Like,,False,2.31,253.8,200.0,bipedal_tailless
298,Azurill,Normal,Fairy,190,50.0,20.0,40.0,20.0,40.0,20.0,3,False,Blue,True,0.25,Undiscovered,,False,0.2,2.0,150.0,head_legs
299,Nosepass,Rock,,375,30.0,45.0,135.0,45.0,90.0,30.0,3,False,Grey,True,0.5,Mineral,,False,0.99,97.0,255.0,bipedal_tailless
300,Skitty,Normal,,260,50.0,45.0,45.0,35.0,35.0,50.0,3,False,Pink,True,0.25,Field,Fairy,False,0.61,11.0,255.0,quadruped
301,Delcatty,Normal,,380,70.0,65.0,65.0,55.0,55.0,70.0,3,False,Purple,True,0.25,Field,Fairy,False,1.09,32.6,60.0,quadruped
302,Sableye,Dark,Ghost,380,50.0,75.0,75.0,65.0,65.0,50.0,3,False,Purple,True,0.5,Human-Like,,True,0.51,11.0,45.0,bipedal_tailless
303,Mawile,Steel,Fairy,380,50.0,85.0,85.0,55.0,55.0,50.0,3,False,Black,True,0.5,Field,Fairy,True,0.61,11.5,45.0,bipedal_tailless
304,Aron,Steel,Rock,330,50.0,70.0,100.0,40.0,40.0,30.0,3,False,Grey,True,0.5,Monster,,False,0.41,60.0,180.0,quadruped
305,Lairon,Steel,Rock,430,60.0,90.0,140.0,50.0,50.0,40.0,3,False,Grey,True,0.5,Monster,,False,0.89,120.0,90.0,quadruped
306,Aggron,Steel,Rock,530,70.0,110.0,180.0,60.0,60.0,50.0,3,False,Grey,True,0.5,Monster,,True,2.11,360.0,45.0,bipedal_tailed
307,Meditite,Fighting,Psychic,280,30.0,40.0,55.0,40.0,55.0,60.0,3,False,Blue,True,0.5,Human-Like,,False,0.61,11.2,180.0,bipedal_tailless
308,Medicham,Fighting,Psychic,410,60.0,60.0,75.0,60.0,75.0,80.0,3,False,Red,True,0.5,Human-Like,,True,1.3,31.5,90.0,bipedal_tailless
309,Electrike,Electric,,295,40.0,45.0,40.0,65.0,40.0,65.0,3,False,Green,True,0.5,Field,,False,0.61,15.2,120.0,quadruped
310,Manectric,Electric,,475,70.0,75.0,60.0,105.0,60.0,105.0,3,False,Yellow,True,0.5,Field,,True,1.5,40.2,45.0,quadruped
311,Plusle,Electric,,405,60.0,50.0,40.0,85.0,75.0,95.0,3,False,Yellow,True,0.5,Fairy,,False,0.41,4.2,200.0,bipedal_tailed
312,Minun,Electric,,405,60.0,40.0,50.0,75.0,85.0,95.0,3,False,Yellow,True,0.5,Fairy,,False,0.41,4.2,200.0,bipedal_tailed
313,Volbeat,Bug,,400,65.0,73.0,55.0,47.0,75.0,85.0,3,False,Grey,True,1.0,Bug,Human-Like,False,0.71,17.7,150.0,bipedal_tailed
314,Illumise,Bug,,400,65.0,47.0,55.0,73.0,75.0,85.0,3,False,Purple,True,0.0,Bug,Human-Like,False,0.61,17.7,150.0,bipedal_tailless
315,Roselia,Grass,Poison,400,50.0,60.0,45.0,100.0,80.0,65.0,3,False,Green,True,0.5,Fairy,Grass,False,0.3,2.0,150.0,bipedal_tailless
316,Gulpin,Poison,,302,70.0,43.0,53.0,43.0,53.0,40.0,3,False,Green,True,0.5,Amorphous,,False,0.41,10.3,225.0,head_arms
317,Swalot,Poison,,467,100.0,73.0,83.0,73.0,83.0,55.0,3,False,Purple,True,0.5,Amorphous,,False,1.7,80.0,75.0,head_arms
318,Carvanha,Water,Dark,305,45.0,90.0,20.0,65.0,20.0,65.0,3,False,Red,True,0.5,Water_2,,False,0.79,20.8,225.0,with_fins
319,Sharpedo,Water,Dark,460,70.0,120.0,40.0,95.0,40.0,95.0,3,False,Blue,True,0.5,Water_2,,True,1.8,88.8,60.0,with_fins
320,Wailmer,Water,,400,130.0,70.0,35.0,70.0,35.0,60.0,3,False,Blue,True,0.5,Field,Water_2,False,2.01,130.0,125.0,with_fins
321,Wailord,Water,,500,170.0,90.0,45.0,90.0,45.0,60.0,3,False,Blue,True,0.5,Field,Water_2,False,14.5,398.0,60.0,with_fins
322,Numel,Fire,Ground,305,60.0,60.0,40.0,65.0,45.0,35.0,3,False,Yellow,True,0.5,Field,,False,0.71,24.0,255.0,quadruped
323,Camerupt,Fire,Ground,460,70.0,100.0,70.0,105.0,75.0,40.0,3,False,Red,True,0.5,Field,,True,1.91,220.0,150.0,quadruped
324,Torkoal,Fire,,470,70.0,85.0,140.0,85.0,70.0,20.0,3,False,Brown,True,0.5,Field,,False,0.51,80.4,90.0,quadruped
325,Spoink,Psychic,,330,60.0,25.0,35.0,70.0,80.0,60.0,3,False,Black,True,0.5,Field,,False,0.71,30.6,255.0,head_arms
326,Grumpig,Psychic,,470,80.0,45.0,65.0,90.0,110.0,80.0,3,False,Purple,True,0.5,Field,,False,0.89,71.5,60.0,bipedal_tailed
327,Spinda,Normal,,360,60.0,60.0,60.0,60.0,60.0,60.0,3,False,Brown,True,0.5,Field,Human-Like,False,1.09,5.0,255.0,bipedal_tailed
328,Trapinch,Ground,,290,45.0,100.0,45.0,45.0,45.0,10.0,3,False,Brown,True,0.5,Bug,,False,0.71,15.0,255.0,insectoid
329,Vibrava,Ground,Dragon,340,50.0,70.0,50.0,50.0,50.0,70.0,3,False,Green,True,0.5,Bug,,False,1.09,15.3,120.0,four_wings
330,Flygon,Ground,Dragon,520,80.0,100.0,80.0,80.0,80.0,100.0,3,False,Green,True,0.5,Bug,,False,2.01,82.0,45.0,two_wings
331,Cacnea,Grass,,335,50.0,85.0,40.0,85.0,40.0,35.0,3,False,Green,True,0.5,Grass,Human-Like,False,0.41,51.3,190.0,bipedal_tailless
332,Cacturne,Grass,Dark,475,70.0,115.0,60.0,115.0,60.0,55.0,3,False,Green,True,0.5,Grass,Human-Like,False,1.3,77.4,60.0,bipedal_tailless
333,Swablu,Normal,Flying,310,45.0,40.0,60.0,40.0,75.0,50.0,3,False,Blue,True,0.5,Flying,Dragon,False,0.41,1.2,255.0,two_wings
334,Altaria,Dragon,Flying,490,75.0,70.0,90.0,70.0,105.0,80.0,3,False,Blue,True,0.5,Flying,Dragon,True,1.09,20.6,45.0,two_wings
335,Zangoose,Normal,,458,73.0,115.0,60.0,60.0,60.0,90.0,3,False,White,True,0.5,Field,,False,1.3,40.3,90.0,bipedal_tailed
336,Seviper,Poison,,458,73.0,100.0,60.0,100.0,60.0,65.0,3,False,Black,True,0.5,Field,Dragon,False,2.69,52.5,90.0,serpentine_body
337,Lunatone,Rock,Psychic,440,70.0,55.0,65.0,95.0,85.0,70.0,3,False,Yellow,False,,Mineral,,False,0.99,168.0,45.0,head_only
338,Solrock,Rock,Psychic,440,70.0,95.0,85.0,55.0,65.0,70.0,3,False,Red,False,,Mineral,,False,1.19,154.0,45.0,head_only
339,Barboach,Water,Ground,288,50.0,48.0,43.0,46.0,41.0,60.0,3,False,Grey,True,0.5,Water_2,,False,0.41,1.9,190.0,with_fins
340,Whiscash,Water,Ground,468,110.0,78.0,73.0,76.0,71.0,60.0,3,False,Blue,True,0.5,Water_2,,False,0.89,23.6,75.0,with_fins
341,Corphish,Water,,308,43.0,80.0,65.0,50.0,35.0,35.0,3,False,Red,True,0.5,Water_1,Water_3,False,0.61,11.5,205.0,insectoid
342,Crawdaunt,Water,Dark,468,63.0,120.0,85.0,90.0,55.0,55.0,3,False,Red,True,0.5,Water_1,Water_3,False,1.09,32.8,155.0,insectoid
343,Baltoy,Ground,Psychic,300,40.0,40.0,55.0,40.0,70.0,55.0,3,False,Brown,False,,Mineral,,False,0.51,21.5,255.0,head_arms
344,Claydol,Ground,Psychic,500,60.0,70.0,105.0,70.0,120.0,75.0,3,False,Black,False,,Mineral,,False,1.5,108.0,90.0,head_arms
345,Lileep,Rock,Grass,355,66.0,41.0,77.0,61.0,87.0,23.0,3,False,Purple,True,0.875,Water_3,,False,0.99,23.8,45.0,head_base
346,Cradily,Rock,Grass,495,86.0,81.0,97.0,81.0,107.0,43.0,3,False,Green,True,0.875,Water_3,,False,1.5,60.4,45.0,head_base
347,Anorith,Rock,Bug,355,45.0,95.0,50.0,40.0,50.0,75.0,3,False,Grey,True,0.875,Water_3,,False,0.71,12.5,45.0,insectoid
348,Armaldo,Rock,Bug,495,75.0,125.0,100.0,70.0,80.0,45.0,3,False,Grey,True,0.875,Water_3,,False,1.5,68.2,45.0,bipedal_tailed
349,Feebas,Water,,200,20.0,15.0,20.0,10.0,55.0,80.0,3,False,Brown,True,0.5,Water_1,Dragon,False,0.61,7.4,255.0,with_fins
350,Milotic,Water,,540,95.0,60.0,79.0,100.0,125.0,81.0,3,False,Pink,True,0.5,Water_1,Dragon,False,6.2,162.0,60.0,serpentine_body
351,Castform,Normal,,420,70.0,70.0,70.0,70.0,70.0,70.0,3,False,White,True,0.5,Fairy,Amorphous,False,0.3,0.8,45.0,head_only
352,Kecleon,Normal,,440,60.0,90.0,70.0,60.0,120.0,40.0,3,False,Green,True,0.5,Field,,False,0.99,22.0,200.0,bipedal_tailed
353,Shuppet,Ghost,,295,44.0,75.0,35.0,63.0,33.0,45.0,3,False,Black,True,0.5,Amorphous,,False,0.61,2.3,225.0,head_only
354,Banette,Ghost,,455,64.0,115.0,65.0,83.0,63.0,65.0,3,False,Black,True,0.5,Amorphous,,True,1.09,12.5,45.0,bipedal_tailed
355,Duskull,Ghost,,295,20.0,40.0,90.0,30.0,90.0,25.0,3,False,Black,True,0.5,Amorphous,,False,0.79,15.0,190.0,head_arms
356,Dusclops,Ghost,,455,40.0,70.0,130.0,60.0,130.0,25.0,3,False,Black,True,0.5,Amorphous,,False,1.6,30.6,90.0,bipedal_tailless
357,Tropius,Grass,Flying,460,99.0,68.0,83.0,72.0,87.0,51.0,3,False,Green,True,0.5,Monster,Grass,False,2.01,100.0,200.0,quadruped
358,Chimecho,Psychic,,425,65.0,50.0,70.0,95.0,80.0,65.0,3,False,Blue,True,0.5,Amorphous,,False,0.61,1.0,45.0,head_arms
359,Absol,Dark,,465,65.0,130.0,60.0,75.0,60.0,75.0,3,False,White,True,0.5,Field,,True,1.19,47.0,30.0,quadruped
360,Wynaut,Psychic,,260,95.0,23.0,48.0,23.0,48.0,23.0,3,False,Blue,True,0.5,Undiscovered,,False,0.61,14.0,125.0,bipedal_tailed
361,Snorunt,Ice,,300,50.0,50.0,50.0,50.0,50.0,50.0,3,False,Grey,True,0.5,Fairy,Mineral,False,0.71,16.8,190.0,bipedal_tailless
362,Glalie,Ice,,480,80.0,80.0,80.0,80.0,80.0,80.0,3,False,Grey,True,0.5,Fairy,Mineral,True,1.5,256.5,75.0,head_only
363,Spheal,Ice,Water,290,70.0,40.0,50.0,55.0,50.0,25.0,3,False,Blue,True,0.5,Water_1,Field,False,0.79,39.5,255.0,with_fins
364,Sealeo,Ice,Water,410,90.0,60.0,70.0,75.0,70.0,45.0,3,False,Blue,True,0.5,Water_1,Field,False,1.09,87.6,120.0,with_fins
365,Walrein,Ice,Water,530,110.0,80.0,90.0,95.0,90.0,65.0,3,False,Blue,True,0.5,Water_1,Field,False,1.4,150.6,45.0,quadruped
366,Clamperl,Water,,345,35.0,64.0,85.0,74.0,55.0,32.0,3,False,Blue,True,0.5,Water_1,,False,0.41,52.5,255.0,head_only
367,Huntail,Water,,485,55.0,104.0,105.0,94.0,75.0,52.0,3,False,Blue,True,0.5,Water_1,,False,1.7,27.0,60.0,serpentine_body
368,Gorebyss,Water,,485,55.0,84.0,105.0,114.0,75.0,52.0,3,False,Pink,True,0.5,Water_1,,False,1.8,22.6,60.0,serpentine_body
369,Relicanth,Water,Rock,485,100.0,90.0,130.0,45.0,65.0,55.0,3,False,Grey,True,0.875,Water_1,Water_2,False,0.99,23.4,25.0,with_fins
370,Luvdisc,Water,,330,43.0,30.0,55.0,40.0,65.0,97.0,3,False,Pink,True,0.25,Water_2,,False,0.61,8.7,225.0,with_fins
371,Bagon,Dragon,,300,45.0,75.0,60.0,40.0,30.0,50.0,3,False,Blue,True,0.5,Dragon,,False,0.61,42.1,45.0,bipedal_tailless
372,Shelgon,Dragon,,420,65.0,95.0,100.0,60.0,50.0,50.0,3,False,White,True,0.5,Dragon,,False,1.09,110.5,45.0,quadruped
373,Salamence,Dragon,Flying,600,95.0,135.0,80.0,110.0,80.0,100.0,3,False,Blue,True,0.5,Dragon,,True,1.5,102.6,45.0,quadruped
374,Beldum,Steel,Psychic,300,40.0,55.0,80.0,35.0,60.0,30.0,3,False,Blue,False,,Mineral,,False,0.61,95.2,3.0,head_base
375,Metang,Steel,Psychic,420,60.0,75.0,100.0,55.0,80.0,50.0,3,False,Blue,False,,Mineral,,False,1.19,202.5,3.0,head_arms
376,Metagross,Steel,Psychic,600,80.0,135.0,130.0,95.0,90.0,70.0,3,False,Blue,False,,Mineral,,True,1.6,550.0,3.0,multiple_bodies
377,Regirock,Rock,,580,80.0,100.0,200.0,50.0,100.0,50.0,3,True,Brown,False,,Undiscovered,,False,1.7,230.0,3.0,bipedal_tailless
378,Regice,Ice,,580,80.0,50.0,100.0,100.0,200.0,50.0,3,True,Blue,False,,Undiscovered,,False,1.8,175.0,3.0,bipedal_tailless
379,Registeel,Steel,,580,80.0,75.0,150.0,75.0,150.0,50.0,3,True,Grey,False,,Undiscovered,,False,1.91,205.0,3.0,bipedal_tailless
380,Latias,Dragon,Psychic,600,80.0,80.0,90.0,110.0,130.0,110.0,3,True,Red,True,0.0,Undiscovered,,True,1.4,40.0,3.0,two_wings
381,Latios,Dragon,Psychic,600,80.0,90.0,80.0,130.0,110.0,110.0,3,True,Blue,True,1.0,Undiscovered,,True,2.01,60.0,3.0,two_wings
382,Kyogre,Water,,670,100.0,100.0,90.0,150.0,140.0,90.0,3,True,Blue,False,,Undiscovered,,False,4.5,352.0,3.0,with_fins
383,Groudon,Ground,,670,100.0,150.0,140.0,100.0,90.0,90.0,3,True,Red,False,,Undiscovered,,False,3.51,950.0,3.0,bipedal_tailed
384,Rayquaza,Dragon,Flying,680,105.0,150.0,90.0,150.0,90.0,95.0,3,True,Green,False,,Undiscovered,,True,7.01,206.5,45.0,serpentine_body
385,Jirachi,Steel,Psychic,600,100.0,100.0,100.0,100.0,100.0,100.0,3,True,Yellow,False,,Undiscovered,,False,0.3,1.1,3.0,bipedal_tailless
386,Deoxys,Psychic,,600,50.0,150.0,50.0,150.0,50.0,150.0,3,True,Red,False,,Undiscovered,,False,1.7,60.8,3.0,bipedal_tailless
387,Turtwig,Grass,,318,55.0,68.0,64.0,45.0,55.0,31.0,4,False,Green,True,0.875,Monster,Grass,False,0.41,10.2,45.0,quadruped
388,Grotle,Grass,,405,75.0,89.0,85.0,55.0,65.0,36.0,4,False,Green,True,0.875,Monster,Grass,False,1.09,97.0,45.0,quadruped
389,Torterra,Grass,Ground,525,95.0,109.0,105.0,75.0,85.0,56.0,4,False,Green,True,0.875,Monster,Grass,False,2.21,310.0,45.0,quadruped
390,Chimchar,Fire,,309,44.0,58.0,44.0,58.0,44.0,61.0,4,False,Brown,True,0.875,Field,Human-Like,False,0.51,6.2,45.0,bipedal_tailed
391,Monferno,Fire,Fighting,405,64.0,78.0,52.0,78.0,52.0,81.0,4,False,Brown,True,0.875,Field,Human-Like,False,0.89,22.0,45.0,bipedal_tailed
392,Infernape,Fire,Fighting,534,76.0,104.0,71.0,104.0,71.0,108.0,4,False,Brown,True,0.875,Field,Human-Like,False,1.19,55.0,45.0,bipedal_tailed
393,Piplup,Water,,314,53.0,51.0,53.0,61.0,56.0,40.0,4,False,Blue,True,0.875,Water_1,Field,False,0.41,5.2,45.0,bipedal_tailless
394,Prinplup,Water,,405,64.0,66.0,68.0,81.0,76.0,50.0,4,False,Blue,True,0.875,Water_1,Field,False,0.79,23.0,45.0,bipedal_tailed
395,Empoleon,Water,Steel,530,84.0,86.0,88.0,111.0,101.0,60.0,4,False,Blue,True,0.875,Water_1,Field,False,1.7,84.5,45.0,bipedal_tailed
396,Starly,Normal,Flying,245,40.0,55.0,30.0,30.0,30.0,60.0,4,False,Brown,True,0.5,Flying,,False,0.3,2.0,255.0,two_wings
397,Staravia,Normal,Flying,340,55.0,75.0,50.0,40.0,40.0,80.0,4,False,Brown,True,0.5,Flying,,False,0.61,15.5,120.0,two_wings
398,Staraptor,Normal,Flying,485,85.0,120.0,70.0,50.0,60.0,100.0,4,False,Brown,True,0.5,Flying,,False,1.19,24.9,45.0,two_wings
399,Bidoof,Normal,,250,59.0,45.0,40.0,35.0,40.0,31.0,4,False,Brown,True,0.5,Water_1,Field,False,0.51,20.0,255.0,quadruped
400,Bibarel,Normal,Water,410,79.0,85.0,60.0,55.0,60.0,71.0,4,False,Brown,True,0.5,Water_1,Field,False,0.99,31.5,127.0,bipedal_tailed
401,Kricketot,Bug,,194,37.0,25.0,41.0,25.0,41.0,25.0,4,False,Red,True,0.5,Bug,,False,0.3,2.2,255.0,bipedal_tailless
402,Kricketune,Bug,,384,77.0,85.0,51.0,55.0,51.0,65.0,4,False,Red,True,0.5,Bug,,False,0.99,25.5,45.0,four_wings
403,Shinx,Electric,,263,45.0,65.0,34.0,40.0,34.0,45.0,4,False,Blue,True,0.5,Field,,False,0.51,9.5,235.0,quadruped
404,Luxio,Electric,,363,60.0,85.0,49.0,60.0,49.0,60.0,4,False,Blue,True,0.5,Field,,False,0.89,30.5,120.0,quadruped
405,Luxray,Electric,,523,80.0,120.0,79.0,95.0,79.0,70.0,4,False,Blue,True,0.5,Field,,False,1.4,42.0,45.0,quadruped
406,Budew,Grass,Poison,280,40.0,30.0,35.0,50.0,70.0,55.0,4,False,Green,True,0.5,Undiscovered,,False,0.2,1.2,255.0,bipedal_tailless
407,Roserade,Grass,Poison,515,60.0,70.0,65.0,125.0,105.0,90.0,4,False,Green,True,0.5,Fairy,Grass,False,0.89,14.5,75.0,bipedal_tailless
408,Cranidos,Rock,,350,67.0,125.0,40.0,30.0,30.0,58.0,4,False,Blue,True,0.875,Monster,,False,0.89,31.5,45.0,bipedal_tailed
409,Rampardos,Rock,,495,97.0,165.0,60.0,65.0,50.0,58.0,4,False,Blue,True,0.875,Monster,,False,1.6,102.5,45.0,bipedal_tailed
410,Shieldon,Rock,Steel,350,30.0,42.0,118.0,42.0,88.0,30.0,4,False,Grey,True,0.875,Monster,,False,0.51,57.0,45.0,quadruped
411,Bastiodon,Rock,Steel,495,60.0,52.0,168.0,47.0,138.0,30.0,4,False,Grey,True,0.875,Monster,,False,1.3,149.5,45.0,quadruped
412,Burmy,Bug,,224,40.0,29.0,45.0,29.0,45.0,36.0,4,False,Grey,True,0.5,Bug,,False,0.2,3.4,120.0,head_base
413,Wormadam,Bug,Grass,424,60.0,59.0,85.0,79.0,105.0,36.0,4,False,Grey,True,0.0,Bug,,False,0.51,6.5,45.0,head_base
414,Mothim,Bug,Flying,424,70.0,94.0,50.0,94.0,50.0,66.0,4,False,Yellow,True,1.0,Bug,,False,0.89,23.3,45.0,four_wings
415,Combee,Bug,Flying,244,30.0,30.0,42.0,30.0,42.0,70.0,4,False,Yellow,True,0.875,Bug,,False,0.3,5.5,120.0,multiple_bodies
416,Vespiquen,Bug,Flying,474,70.0,80.0,102.0,80.0,102.0,40.0,4,False,Yellow,True,0.0,Bug,,False,1.19,38.5,45.0,four_wings
417,Pachirisu,Electric,,405,60.0,45.0,70.0,45.0,90.0,95.0,4,False,White,True,0.5,Field,Fairy,False,0.41,3.9,200.0,quadruped
418,Buizel,Water,,330,55.0,65.0,35.0,60.0,30.0,85.0,4,False,Brown,True,0.5,Water_1,Field,False,0.71,29.5,190.0,quadruped
419,Floatzel,Water,,495,85.0,105.0,55.0,85.0,50.0,115.0,4,False,Brown,True,0.5,Water_1,Field,False,1.09,33.5,75.0,quadruped
420,Cherubi,Grass,,275,45.0,35.0,45.0,62.0,53.0,35.0,4,False,Pink,True,0.5,Fairy,Grass,False,0.41,3.3,190.0,multiple_bodies
421,Cherrim,Grass,,450,70.0,60.0,70.0,87.0,78.0,85.0,4,False,Pink,True,0.5,Fairy,Grass,False,0.51,9.3,75.0,head_legs
422,Shellos,Water,,325,76.0,48.0,48.0,57.0,62.0,34.0,4,False,Purple,True,0.5,Water_1,Amorphous,False,0.3,6.3,190.0,serpentine_body
423,Gastrodon,Water,Ground,475,111.0,83.0,68.0,92.0,82.0,39.0,4,False,Purple,True,0.5,Water_1,Amorphous,False,0.89,29.9,75.0,serpentine_body
424,Ambipom,Normal,,482,75.0,100.0,66.0,60.0,66.0,115.0,4,False,Purple,True,0.5,Field,,False,1.19,20.3,45.0,bipedal_tailed
425,Drifloon,Ghost,Flying,348,90.0,50.0,34.0,60.0,44.0,70.0,4,False,Purple,True,0.5,Amorphous,,False,0.41,1.2,125.0,head_arms
426,Drifblim,Ghost,Flying,498,150.0,80.0,44.0,90.0,54.0,80.0,4,False,Purple,True,0.5,Amorphous,,False,1.19,15.0,60.0,head_arms
427,Buneary,Normal,,350,55.0,66.0,44.0,44.0,56.0,85.0,4,False,Brown,True,0.5,Field,Human-Like,False,0.41,5.5,190.0,bipedal_tailed
428,Lopunny,Normal,,480,65.0,76.0,84.0,54.0,96.0,105.0,4,False,Brown,True,0.5,Field,Human-Like,True,1.19,33.3,60.0,bipedal_tailed
429,Mismagius,Ghost,,495,60.0,60.0,60.0,105.0,105.0,105.0,4,False,Purple,True,0.5,Amorphous,,False,0.89,4.4,45.0,head_only
430,Honchkrow,Dark,Flying,505,100.0,125.0,52.0,105.0,52.0,71.0,4,False,Black,True,0.5,Flying,,False,0.89,27.3,30.0,two_wings
431,Glameow,Normal,,310,49.0,55.0,42.0,42.0,37.0,85.0,4,False,Grey,True,0.25,Field,,False,0.51,3.9,190.0,quadruped
432,Purugly,Normal,,452,71.0,82.0,64.0,64.0,59.0,112.0,4,False,Grey,True,0.25,Field,,False,0.99,43.8,75.0,quadruped
433,Chingling,Psychic,,285,45.0,30.0,50.0,65.0,50.0,45.0,4,False,Yellow,True,0.5,Undiscovered,,False,0.2,0.6,120.0,bipedal_tailless
434,Stunky,Poison,Dark,329,63.0,63.0,47.0,41.0,41.0,74.0,4,False,Purple,True,0.5,Field,,False,0.41,19.2,225.0,quadruped
435,Skuntank,Poison,Dark,479,103.0,93.0,67.0,71.0,61.0,84.0,4,False,Purple,True,0.5,Field,,False,0.99,38.0,60.0,quadruped
436,Bronzor,Steel,Psychic,300,57.0,24.0,86.0,24.0,86.0,23.0,4,False,Green,False,,Mineral,,False,0.51,60.5,255.0,head_only
437,Bronzong,Steel,Psychic,500,67.0,89.0,116.0,79.0,116.0,33.0,4,False,Green,False,,Mineral,,False,1.3,187.0,90.0,head_arms
438,Bonsly,Rock,,290,50.0,80.0,95.0,10.0,45.0,10.0,4,False,Brown,True,0.5,Undiscovered,,False,0.51,15.0,255.0,head_legs
439,Mime_Jr.,Psychic,Fairy,310,20.0,25.0,45.0,70.0,90.0,60.0,4,False,Pink,True,0.5,Undiscovered,,False,0.61,13.0,145.0,bipedal_tailless
440,Happiny,Normal,,220,100.0,5.0,5.0,15.0,65.0,30.0,4,False,Pink,True,0.0,Undiscovered,,False,0.61,24.4,130.0,bipedal_tailless
441,Chatot,Normal,Flying,411,76.0,65.0,45.0,92.0,42.0,91.0,4,False,Black,True,0.5,Flying,,False,0.51,1.9,30.0,two_wings
442,Spiritomb,Ghost,Dark,485,50.0,92.0,108.0,92.0,108.0,35.0,4,False,Purple,True,0.5,Amorphous,,False,0.99,108.0,100.0,head_base
443,Gible,Dragon,Ground,300,58.0,70.0,45.0,40.0,45.0,42.0,4,False,Blue,True,0.5,Monster,Dragon,False,0.71,20.5,45.0,bipedal_tailed
444,Gabite,Dragon,Ground,410,68.0,90.0,65.0,50.0,55.0,82.0,4,False,Blue,True,0.5,Monster,Dragon,False,1.4,56.0,45.0,bipedal_tailed
445,Garchomp,Dragon,Ground,600,108.0,130.0,95.0,80.0,85.0,102.0,4,False,Blue,True,0.5,Monster,Dragon,True,1.91,95.0,45.0,bipedal_tailed
446,Munchlax,Normal,,390,135.0,85.0,40.0,40.0,85.0,5.0,4,False,Black,True,0.875,Undiscovered,,False,0.61,105.0,50.0,bipedal_tailless
447,Riolu,Fighting,,285,40.0,70.0,40.0,35.0,40.0,60.0,4,False,Blue,True,0.875,Undiscovered,,False,0.71,20.2,75.0,bipedal_tailed
448,Lucario,Fighting,Steel,525,70.0,110.0,70.0,115.0,70.0,90.0,4,False,Blue,True,0.875,Field,Human-Like,True,1.19,54.0,45.0,bipedal_tailed
449,Hippopotas,Ground,,330,68.0,72.0,78.0,38.0,42.0,32.0,4,False,Brown,True,0.5,Field,,False,0.79,49.5,140.0,quadruped
450,Hippowdon,Ground,,525,108.0,112.0,118.0,68.0,72.0,47.0,4,False,Brown,True,0.5,Field,,False,2.01,300.0,60.0,quadruped
451,Skorupi,Poison,Bug,330,40.0,50.0,90.0,30.0,55.0,65.0,4,False,Purple,True,0.5,Bug,Water_3,False,0.79,12.0,120.0,insectoid
452,Drapion,Poison,Dark,500,70.0,90.0,110.0,60.0,75.0,95.0,4,False,Purple,True,0.5,Bug,Water_3,False,1.3,61.5,45.0,insectoid
453,Croagunk,Poison,Fighting,300,48.0,61.0,40.0,61.0,40.0,50.0,4,False,Blue,True,0.5,Human-Like,,False,0.71,23.0,140.0,bipedal_tailless
454,Toxicroak,Poison,Fighting,490,83.0,106.0,65.0,86.0,65.0,85.0,4,False,Blue,True,0.5,Human-Like,,False,1.3,44.4,75.0,bipedal_tailless
455,Carnivine,Grass,,454,74.0,100.0,72.0,90.0,72.0,46.0,4,False,Green,True,0.5,Grass,,False,1.4,27.0,200.0,several_limbs
456,Finneon,Water,,330,49.0,49.0,56.0,49.0,61.0,66.0,4,False,Blue,True,0.5,Water_2,,False,0.41,7.0,190.0,with_fins
457,Lumineon,Water,,460,69.0,69.0,76.0,69.0,86.0,91.0,4,False,Blue,True,0.5,Water_2,,False,1.19,24.0,75.0,with_fins
458,Mantyke,Water,Flying,345,45.0,20.0,50.0,60.0,120.0,50.0,4,False,Blue,True,0.5,Undiscovered,,False,0.99,65.0,25.0,two_wings
459,Snover,Grass,Ice,334,60.0,62.0,50.0,62.0,60.0,40.0,4,False,White,True,0.5,Monster,Grass,False,0.99,50.5,120.0,bipedal_tailed
460,Abomasnow,Grass,Ice,494,90.0,92.0,75.0,92.0,85.0,60.0,4,False,White,True,0.5,Monster,Grass,True,2.21,135.5,60.0,bipedal_tailed
461,Weavile,Dark,Ice,510,70.0,120.0,65.0,45.0,85.0,125.0,4,False,Black,True,0.5,Field,,False,1.09,34.0,45.0,bipedal_tailed
462,Magnezone,Electric,Steel,535,70.0,70.0,115.0,130.0,90.0,60.0,4,False,Grey,False,,Mineral,,False,1.19,180.0,30.0,head_arms
463,Lickilicky,Normal,,515,110.0,85.0,95.0,80.0,95.0,50.0,4,False,Pink,True,0.5,Monster,,False,1.7,140.0,30.0,bipedal_tailless
464,Rhyperior,Ground,Rock,535,115.0,140.0,130.0,55.0,55.0,40.0,4,False,Grey,True,0.5,Monster,Field,False,2.39,282.8,30.0,bipedal_tailed
465,Tangrowth,Grass,,535,100.0,100.0,125.0,110.0,50.0,50.0,4,False,Blue,True,0.5,Grass,,False,2.01,128.6,30.0,bipedal_tailless
466,Electivire,Electric,,540,75.0,123.0,67.0,95.0,85.0,95.0,4,False,Yellow,True,0.75,Human-Like,,False,1.8,138.6,30.0,bipedal_tailed
467,Magmortar,Fire,,540,75.0,95.0,67.0,125.0,95.0,83.0,4,False,Red,True,0.75,Human-Like,,False,1.6,68.0,30.0,bipedal_tailed
468,Togekiss,Fairy,Flying,545,85.0,50.0,95.0,120.0,115.0,80.0,4,False,White,True,0.875,Flying,Fairy,False,1.5,38.0,30.0,two_wings
469,Yanmega,Bug,Flying,515,86.0,76.0,86.0,116.0,56.0,95.0,4,False,Green,True,0.5,Bug,,False,1.91,51.5,30.0,four_wings
470,Leafeon,Grass,,525,65.0,110.0,130.0,60.0,65.0,95.0,4,False,Green,True,0.875,Field,,False,0.99,25.5,45.0,quadruped
471,Glaceon,Ice,,525,65.0,60.0,110.0,130.0,95.0,65.0,4,False,Blue,True,0.875,Field,,False,0.79,25.9,45.0,quadruped
472,Gliscor,Ground,Flying,510,75.0,95.0,125.0,45.0,75.0,95.0,4,False,Purple,True,0.5,Bug,,False,2.01,42.5,30.0,two_wings
473,Mamoswine,Ice,Ground,530,110.0,130.0,80.0,70.0,60.0,80.0,4,False,Brown,True,0.5,Field,,False,2.49,291.0,50.0,quadruped
474,Porygon-Z,Normal,,535,85.0,80.0,70.0,135.0,75.0,90.0,4,False,Red,False,,Mineral,,False,0.89,34.0,30.0,head_arms
475,Gallade,Psychic,Fighting,518,68.0,125.0,65.0,65.0,115.0,80.0,4,False,White,True,1.0,Amorphous,,True,1.6,52.0,45.0,bipedal_tailless
476,Probopass,Rock,Steel,525,60.0,55.0,145.0,75.0,150.0,40.0,4,False,Grey,True,0.5,Mineral,,False,1.4,340.0,60.0,multiple_bodies
477,Dusknoir,Ghost,,525,45.0,100.0,135.0,65.0,135.0,45.0,4,False,Black,True,0.5,Amorphous,,False,2.21,106.6,45.0,head_arms
478,Froslass,Ice,Ghost,480,70.0,80.0,70.0,80.0,70.0,110.0,4,False,White,True,0.0,Fairy,Mineral,False,1.3,26.6,75.0,head_arms
479,Rotom,Electric,Ghost,440,50.0,50.0,77.0,95.0,77.0,91.0,4,False,Red,False,,Amorphous,,False,0.3,0.3,45.0,head_only
480,Uxie,Psychic,,580,75.0,75.0,130.0,75.0,130.0,95.0,4,True,Yellow,False,,Undiscovered,,False,0.3,0.3,3.0,bipedal_tailed
481,Mesprit,Psychic,,580,80.0,105.0,105.0,105.0,105.0,80.0,4,True,Pink,False,,Undiscovered,,False,0.3,0.3,3.0,bipedal_tailed
482,Azelf,Psychic,,580,75.0,125.0,70.0,125.0,70.0,115.0,4,True,Blue,False,,Undiscovered,,False,0.3,0.3,3.0,bipedal_tailed
483,Dialga,Steel,Dragon,680,100.0,120.0,120.0,150.0,100.0,90.0,4,True,White,False,,Undiscovered,,False,5.41,683.0,3.0,quadruped
484,Palkia,Water,Dragon,680,90.0,120.0,100.0,150.0,120.0,100.0,4,True,Purple,False,,Undiscovered,,False,4.19,336.0,3.0,bipedal_tailed
485,Heatran,Fire,Steel,600,91.0,90.0,106.0,130.0,106.0,77.0,4,True,Brown,True,0.5,Undiscovered,,False,1.7,430.0,3.0,quadruped
486,Regigigas,Normal,,670,110.0,160.0,110.0,80.0,110.0,100.0,4,True,White,False,,Undiscovered,,False,3.71,420.0,3.0,bipedal_tailless
487,Giratina,Ghost,Dragon,680,150.0,120.0,100.0,120.0,100.0,90.0,4,True,Black,False,,Undiscovered,,False,6.91,650.0,3.0,serpentine_body
488,Cresselia,Psychic,,600,120.0,70.0,120.0,75.0,130.0,85.0,4,False,Yellow,True,0.0,Undiscovered,,False,1.5,85.6,3.0,serpentine_body
489,Phione,Water,,480,80.0,80.0,80.0,80.0,80.0,80.0,4,False,Blue,False,,Water_1,Fairy,False,0.41,3.1,30.0,head_arms
490,Manaphy,Water,,600,100.0,100.0,100.0,100.0,100.0,100.0,4,False,Blue,False,,Water_1,Fairy,False,0.3,1.4,3.0,bipedal_tailless
491,Darkrai,Dark,,600,70.0,90.0,90.0,135.0,90.0,125.0,4,True,Black,False,,Undiscovered,,False,1.5,50.5,3.0,bipedal_tailless
492,Shaymin,Grass,,600,100.0,100.0,100.0,100.0,100.0,100.0,4,True,Green,False,,Undiscovered,,False,0.2,2.1,45.0,quadruped
493,Arceus,Normal,,720,120.0,120.0,120.0,120.0,120.0,120.0,4,True,Grey,False,,Undiscovered,,False,3.2,320.0,3.0,quadruped
494,Victini,Psychic,Fire,600,100.0,100.0,100.0,100.0,100.0,100.0,5,True,Yellow,False,,Undiscovered,,False,0.41,4.0,3.0,bipedal_tailless
495,Snivy,Grass,,308,45.0,45.0,55.0,45.0,55.0,63.0,5,False,Green,True,0.875,Field,Grass,False,0.61,8.1,45.0,bipedal_tailed
496,Servine,Grass,,413,60.0,60.0,75.0,60.0,75.0,83.0,5,False,Green,True,0.875,Field,Grass,False,0.79,16.0,45.0,bipedal_tailed
497,Serperior,Grass,,528,75.0,75.0,95.0,75.0,95.0,113.0,5,False,Green,True,0.875,Field,Grass,False,3.3,63.0,45.0,serpentine_body
498,Tepig,Fire,,308,65.0,63.0,45.0,45.0,45.0,45.0,5,False,Red,True,0.875,Field,,False,0.51,9.9,45.0,quadruped
499,Pignite,Fire,Fighting,418,90.0,93.0,55.0,70.0,55.0,55.0,5,False,Red,True,0.875,Field,,False,0.99,55.5,45.0,bipedal_tailed
500,Emboar,Fire,Fighting,528,110.0,123.0,65.0,100.0,65.0,65.0,5,False,Red,True,0.875,Field,,False,1.6,150.0,45.0,bipedal_tailed
501,Oshawott,Water,,308,55.0,55.0,45.0,63.0,45.0,45.0,5,False,Blue,True,0.875,Field,,False,0.51,5.9,45.0,bipedal_tailed
502,Dewott,Water,,413,75.0,75.0,60.0,83.0,60.0,60.0,5,False,Blue,True,0.875,Field,,False,0.79,24.5,45.0,bipedal_tailed
503,Samurott,Water,,528,95.0,100.0,85.0,108.0,70.0,70.0,5,False,Blue,True,0.875,Field,,False,1.5,94.6,45.0,quadruped
504,Patrat,Normal,,255,45.0,55.0,39.0,35.0,39.0,42.0,5,False,Brown,True,0.5,Field,,False,0.51,11.6,255.0,quadruped
505,Watchog,Normal,,420,60.0,85.0,69.0,60.0,69.0,77.0,5,False,Brown,True,0.5,Field,,False,1.09,27.0,255.0,bipedal_tailed
506,Lillipup,Normal,,275,45.0,60.0,45.0,25.0,45.0,55.0,5,False,Brown,True,0.5,Field,,False,0.41,4.1,255.0,quadruped
507,Herdier,Normal,,370,65.0,80.0,65.0,35.0,65.0,60.0,5,False,Grey,True,0.5,Field,,False,0.89,14.7,120.0,quadruped
508,Stoutland,Normal,,500,85.0,110.0,90.0,45.0,90.0,80.0,5,False,Grey,True,0.5,Field,,False,1.19,61.0,45.0,quadruped
509,Purrloin,Dark,,281,41.0,50.0,37.0,50.0,37.0,66.0,5,False,Purple,True,0.5,Field,,False,0.41,10.1,255.0,quadruped
510,Liepard,Dark,,446,64.0,88.0,50.0,88.0,50.0,106.0,5,False,Purple,True,0.5,Field,,False,1.09,37.5,90.0,quadruped
511,Pansage,Grass,,316,50.0,53.0,48.0,53.0,48.0,64.0,5,False,Green,True,0.875,Field,,False,0.61,10.5,190.0,bipedal_tailed
512,Simisage,Grass,,498,75.0,98.0,63.0,98.0,63.0,101.0,5,False,Green,True,0.875,Field,,False,1.09,30.5,75.0,bipedal_tailed
513,Pansear,Fire,,316,50.0,53.0,48.0,53.0,48.0,64.0,5,False,Red,True,0.875,Field,,False,0.61,11.0,190.0,bipedal_tailed
514,Simisear,Fire,,498,75.0,98.0,63.0,98.0,63.0,101.0,5,False,Red,True,0.875,Field,,False,0.99,28.0,75.0,bipedal_tailed
515,Panpour,Water,,316,50.0,53.0,48.0,53.0,48.0,64.0,5,False,Blue,True,0.875,Field,,False,0.61,13.5,190.0,bipedal_tailed
516,Simipour,Water,,498,75.0,98.0,63.0,98.0,63.0,101.0,5,False,Blue,True,0.875,Field,,False,0.99,29.0,75.0,bipedal_tailed
517,Munna,Psychic,,292,76.0,25.0,45.0,67.0,55.0,24.0,5,False,Pink,True,0.5,Field,,False,0.61,23.3,190.0,quadruped
518,Musharna,Psychic,,487,116.0,55.0,85.0,107.0,95.0,29.0,5,False,Pink,True,0.5,Field,,False,1.09,60.5,75.0,bipedal_tailless
519,Pidove,Normal,Flying,264,50.0,55.0,50.0,36.0,30.0,43.0,5,False,Grey,True,0.5,Flying,,False,0.3,2.1,255.0,two_wings
520,Tranquill,Normal,Flying,358,62.0,77.0,62.0,50.0,42.0,65.0,5,False,Grey,True,0.5,Flying,,False,0.61,15.0,120.0,two_wings
521,Unfezant,Normal,Flying,488,80.0,115.0,80.0,65.0,55.0,93.0,5,False,Grey,True,0.5,Flying,,False,1.19,29.0,45.0,two_wings
522,Blitzle,Electric,,295,45.0,60.0,32.0,50.0,32.0,76.0,5,False,Black,True,0.5,Field,,False,0.79,29.8,190.0,quadruped
523,Zebstrika,Electric,,497,75.0,100.0,63.0,80.0,63.0,116.0,5,False,Black,True,0.5,Field,,False,1.6,79.5,75.0,quadruped
524,Roggenrola,Rock,,280,55.0,75.0,85.0,25.0,25.0,15.0,5,False,Blue,True,0.5,Mineral,,False,0.41,18.0,255.0,head_legs
525,Boldore,Rock,,390,70.0,105.0,105.0,50.0,40.0,20.0,5,False,Blue,True,0.5,Mineral,,False,0.89,102.0,120.0,several_limbs
526,Gigalith,Rock,,515,85.0,135.0,130.0,60.0,80.0,25.0,5,False,Blue,True,0.5,Mineral,,False,1.7,260.0,45.0,several_limbs
527,Woobat,Psychic,Flying,313,55.0,45.0,43.0,55.0,43.0,72.0,5,False,Blue,True,0.5,Field,Flying,False,0.41,2.1,190.0,two_wings
528,Swoobat,Psychic,Flying,425,67.0,57.0,55.0,77.0,55.0,114.0,5,False,Blue,True,0.5,Field,Flying,False,0.89,10.5,45.0,two_wings
529,Drilbur,Ground,,328,60.0,85.0,40.0,30.0,45.0,68.0,5,False,Grey,True,0.5,Field,,False,0.3,8.5,120.0,bipedal_tailed
530,Excadrill,Ground,Steel,508,110.0,135.0,60.0,50.0,65.0,88.0,5,False,Grey,True,0.5,Field,,False,0.71,40.4,60.0,bipedal_tailless
531,Audino,Normal,,445,103.0,60.0,86.0,60.0,86.0,50.0,5,False,Pink,True,0.5,Fairy,,True,1.09,31.0,255.0,bipedal_tailed
532,Timburr,Fighting,,305,75.0,80.0,55.0,25.0,35.0,35.0,5,False,Grey,True,0.75,Human-Like,,False,0.61,12.5,180.0,bipedal_tailless
533,Gurdurr,Fighting,,405,85.0,105.0,85.0,40.0,50.0,40.0,5,False,Grey,True,0.75,Human-Like,,False,1.19,40.0,90.0,bipedal_tailless
534,Conkeldurr,Fighting,,505,105.0,140.0,95.0,55.0,65.0,45.0,5,False,Grey,True,0.75,Human-Like,,False,1.4,87.0,45.0,bipedal_tailless
535,Tympole,Water,,294,50.0,50.0,40.0,50.0,40.0,64.0,5,False,Blue,True,0.5,Water_1,,False,0.51,4.5,255.0,with_fins
536,Palpitoad,Water,Ground,384,75.0,65.0,55.0,65.0,55.0,69.0,5,False,Blue,True,0.5,Water_1,,False,0.79,17.0,120.0,bipedal_tailed
537,Seismitoad,Water,Ground,509,105.0,95.0,75.0,85.0,75.0,74.0,5,False,Blue,True,0.5,Water_1,,False,1.5,62.0,45.0,bipedal_tailless
538,Throh,Fighting,,465,120.0,100.0,85.0,30.0,85.0,45.0,5,False,Red,True,1.0,Human-Like,,False,1.3,55.5,45.0,bipedal_tailless
539,Sawk,Fighting,,465,75.0,125.0,75.0,30.0,75.0,85.0,5,False,Blue,True,1.0,Human-Like,,False,1.4,51.0,45.0,bipedal_tailless
540,Sewaddle,Bug,Grass,310,45.0,53.0,70.0,40.0,60.0,42.0,5,False,Yellow,True,0.5,Bug,,False,0.3,2.5,255.0,insectoid
541,Swadloon,Bug,Grass,380,55.0,63.0,90.0,50.0,80.0,42.0,5,False,Green,True,0.5,Bug,,False,0.51,7.3,120.0,head_arms
542,Leavanny,Bug,Grass,500,75.0,103.0,80.0,70.0,80.0,92.0,5,False,Yellow,True,0.5,Bug,,False,1.19,20.5,45.0,bipedal_tailless
543,Venipede,Bug,Poison,260,30.0,45.0,59.0,30.0,39.0,57.0,5,False,Red,True,0.5,Bug,,False,0.41,5.3,255.0,insectoid
544,Whirlipede,Bug,Poison,360,40.0,55.0,99.0,40.0,79.0,47.0,5,False,Grey,True,0.5,Bug,,False,1.19,58.5,120.0,head_only
545,Scolipede,Bug,Poison,485,60.0,100.0,89.0,55.0,69.0,112.0,5,False,Red,True,0.5,Bug,,False,2.49,200.5,45.0,insectoid
546,Cottonee,Grass,Fairy,280,40.0,27.0,60.0,37.0,50.0,66.0,5,False,Green,True,0.5,Grass,Fairy,False,0.3,0.6,190.0,head_only
547,Whimsicott,Grass,Fairy,480,60.0,67.0,85.0,77.0,75.0,116.0,5,False,Green,True,0.5,Grass,Fairy,False,0.71,6.6,75.0,bipedal_tailless
548,Petilil,Grass,,280,45.0,35.0,50.0,70.0,50.0,30.0,5,False,Green,True,0.0,Grass,,False,0.51,6.6,190.0,head_base
549,Lilligant,Grass,,480,70.0,60.0,75.0,110.0,75.0,90.0,5,False,Green,True,0.0,Grass,,False,1.09,16.3,75.0,head_base
550,Basculin,Water,,460,70.0,92.0,65.0,80.0,55.0,98.0,5,False,Green,True,0.5,Water_2,,False,0.99,18.0,25.0,with_fins
551,Sandile,Ground,Dark,292,50.0,72.0,35.0,35.0,35.0,65.0,5,False,Brown,True,0.5,Field,,False,0.71,15.2,180.0,quadruped
552,Krokorok,Ground,Dark,351,60.0,82.0,45.0,45.0,45.0,74.0,5,False,Brown,True,0.5,Field,,False,0.99,33.4,90.0,quadruped
553,Krookodile,Ground,Dark,519,95.0,117.0,80.0,65.0,70.0,92.0,5,False,Red,True,0.5,Field,,False,1.5,96.3,45.0,bipedal_tailed
554,Darumaka,Fire,,315,70.0,90.0,45.0,15.0,45.0,50.0,5,False,Red,True,0.5,Field,,False,0.61,37.5,120.0,bipedal_tailless
555,Darmanitan,Fire,,480,105.0,140.0,55.0,30.0,55.0,95.0,5,False,Red,True,0.5,Field,,False,1.3,92.9,60.0,quadruped
556,Maractus,Grass,,461,75.0,86.0,67.0,106.0,67.0,60.0,5,False,Green,True,0.5,Grass,,False,0.99,28.0,255.0,head_base
557,Dwebble,Bug,Rock,325,50.0,65.0,85.0,35.0,35.0,55.0,5,False,Red,True,0.5,Bug,Mineral,False,0.3,14.5,190.0,insectoid
558,Crustle,Bug,Rock,475,70.0,95.0,125.0,65.0,75.0,45.0,5,False,Red,True,0.5,Bug,Mineral,False,1.4,200.0,75.0,insectoid
559,Scraggy,Dark,Fighting,348,50.0,75.0,70.0,35.0,70.0,48.0,5,False,Yellow,True,0.5,Field,Dragon,False,0.61,11.8,180.0,bipedal_tailed
560,Scrafty,Dark,Fighting,488,65.0,90.0,115.0,45.0,115.0,58.0,5,False,Red,True,0.5,Field,Dragon,False,1.09,30.0,90.0,bipedal_tailed
561,Sigilyph,Psychic,Flying,490,72.0,58.0,80.0,103.0,80.0,97.0,5,False,Black,True,0.5,Flying,,False,1.4,14.0,45.0,two_wings
562,Yamask,Ghost,,303,38.0,30.0,85.0,55.0,65.0,30.0,5,False,Black,True,0.5,Mineral,Amorphous,False,0.51,1.5,190.0,head_arms
563,Cofagrigus,Ghost,,483,58.0,50.0,145.0,95.0,105.0,30.0,5,False,Yellow,True,0.5,Mineral,Amorphous,False,1.7,76.5,90.0,head_base
564,Tirtouga,Water,Rock,355,54.0,78.0,103.0,53.0,45.0,22.0,5,False,Blue,True,0.875,Water_1,Water_3,False,0.71,16.5,45.0,quadruped
565,Carracosta,Water,Rock,495,74.0,108.0,133.0,83.0,65.0,32.0,5,False,Blue,True,0.875,Water_1,Water_3,False,1.19,81.0,45.0,bipedal_tailed
566,Archen,Rock,Flying,401,55.0,112.0,45.0,74.0,45.0,70.0,5,False,Yellow,True,0.875,Flying,Water_3,False,0.51,9.5,45.0,two_wings
567,Archeops,Rock,Flying,567,75.0,140.0,65.0,112.0,65.0,110.0,5,False,Yellow,True,0.875,Flying,Water_3,False,1.4,32.0,45.0,two_wings
568,Trubbish,Poison,,329,50.0,50.0,62.0,40.0,62.0,65.0,5,False,Green,True,0.5,Mineral,,False,0.61,31.0,190.0,bipedal_tailless
569,Garbodor,Poison,,474,80.0,95.0,82.0,60.0,82.0,75.0,5,False,Green,True,0.5,Mineral,,False,1.91,107.3,60.0,bipedal_tailless
570,Zorua,Dark,,330,40.0,65.0,40.0,80.0,40.0,65.0,5,False,Grey,True,0.875,Field,,False,0.71,12.5,75.0,quadruped
571,Zoroark,Dark,,510,60.0,105.0,60.0,120.0,60.0,105.0,5,False,Grey,True,0.875,Field,,False,1.6,81.1,45.0,bipedal_tailed
572,Minccino,Normal,,300,55.0,50.0,40.0,40.0,40.0,75.0,5,False,Grey,True,0.25,Field,,False,0.41,5.8,255.0,quadruped
573,Cinccino,Normal,,470,75.0,95.0,60.0,65.0,60.0,115.0,5,False,Grey,True,0.25,Field,,False,0.51,7.5,60.0,quadruped
574,Gothita,Psychic,,290,45.0,30.0,50.0,55.0,65.0,45.0,5,False,Purple,True,0.25,Human-Like,,False,0.41,5.8,200.0,bipedal_tailless
575,Gothorita,Psychic,,390,60.0,45.0,70.0,75.0,85.0,55.0,5,False,Purple,True,0.25,Human-Like,,False,0.71,18.0,100.0,bipedal_tailless
576,Gothitelle,Psychic,,490,70.0,55.0,95.0,95.0,110.0,65.0,5,False,Purple,True,0.25,Human-Like,,False,1.5,44.0,50.0,bipedal_tailless
577,Solosis,Psychic,,290,45.0,30.0,40.0,105.0,50.0,20.0,5,False,Green,True,0.5,Amorphous,,False,0.3,1.0,200.0,head_only
578,Duosion,Psychic,,370,65.0,40.0,50.0,125.0,60.0,30.0,5,False,Green,True,0.5,Amorphous,,False,0.61,8.0,100.0,head_only
579,Reuniclus,Psychic,,490,110.0,65.0,75.0,125.0,85.0,30.0,5,False,Green,True,0.5,Amorphous,,False,0.99,20.1,50.0,head_arms
580,Ducklett,Water,Flying,305,62.0,44.0,50.0,44.0,50.0,55.0,5,False,Blue,True,0.5,Water_1,Flying,False,0.51,5.5,190.0,two_wings
581,Swanna,Water,Flying,473,75.0,87.0,63.0,87.0,63.0,98.0,5,False,White,True,0.5,Water_1,Flying,False,1.3,24.2,45.0,two_wings
582,Vanillite,Ice,,305,36.0,50.0,50.0,65.0,60.0,44.0,5,False,White,True,0.5,Mineral,,False,0.41,5.7,255.0,head_base
583,Vanillish,Ice,,395,51.0,65.0,65.0,80.0,75.0,59.0,5,False,White,True,0.5,Mineral,,False,1.09,41.0,120.0,head_base
584,Vanilluxe,Ice,,535,71.0,95.0,85.0,110.0,95.0,79.0,5,False,White,True,0.5,Mineral,,False,1.3,57.5,45.0,multiple_bodies
585,Deerling,Normal,Grass,335,60.0,60.0,50.0,40.0,50.0,75.0,5,False,Yellow,True,0.5,Field,,False,0.61,19.5,190.0,quadruped
586,Sawsbuck,Normal,Grass,475,80.0,100.0,70.0,60.0,70.0,95.0,5,False,Brown,True,0.5,Field,,False,1.91,92.5,75.0,quadruped
587,Emolga,Electric,Flying,428,55.0,75.0,60.0,75.0,60.0,103.0,5,False,White,True,0.5,Field,,False,0.41,5.0,200.0,quadruped
588,Karrablast,Bug,,315,50.0,75.0,45.0,40.0,45.0,60.0,5,False,Blue,True,0.5,Bug,,False,0.51,5.9,200.0,bipedal_tailless
589,Escavalier,Bug,Steel,495,70.0,135.0,105.0,60.0,105.0,20.0,5,False,Grey,True,0.5,Bug,,False,0.99,33.0,75.0,head_arms
590,Foongus,Grass,Poison,294,69.0,55.0,45.0,55.0,55.0,15.0,5,False,White,True,0.5,Grass,,False,0.2,1.0,190.0,head_arms
591,Amoonguss,Grass,Poison,464,114.0,85.0,70.0,85.0,80.0,30.0,5,False,Grey,True,0.5,Grass,,False,0.61,10.5,75.0,head_arms
592,Frillish,Water,Ghost,335,55.0,40.0,50.0,65.0,85.0,40.0,5,False,White,True,0.5,Amorphous,,False,1.19,33.0,190.0,several_limbs
593,Jellicent,Water,Ghost,480,100.0,60.0,70.0,85.0,105.0,60.0,5,False,White,True,0.5,Amorphous,,False,2.21,135.0,60.0,several_limbs
594,Alomomola,Water,,470,165.0,75.0,80.0,40.0,45.0,65.0,5,False,Pink,True,0.5,Water_1,Water_2,False,1.19,31.6,75.0,with_fins
595,Joltik,Bug,Electric,319,50.0,47.0,50.0,57.0,50.0,65.0,5,False,Yellow,True,0.5,Bug,,False,0.1,0.6,190.0,insectoid
596,Galvantula,Bug,Electric,472,70.0,77.0,60.0,97.0,60.0,108.0,5,False,Yellow,True,0.5,Bug,,False,0.79,14.3,75.0,insectoid
597,Ferroseed,Grass,Steel,305,44.0,50.0,91.0,24.0,86.0,10.0,5,False,Grey,True,0.5,Grass,Mineral,False,0.61,18.8,255.0,head_only
598,Ferrothorn,Grass,Steel,489,74.0,94.0,131.0,54.0,116.0,20.0,5,False,Grey,True,0.5,Grass,Mineral,False,0.99,110.0,90.0,several_limbs
599,Klink,Steel,,300,40.0,55.0,70.0,45.0,60.0,30.0,5,False,Grey,False,,Mineral,,False,0.3,21.0,130.0,multiple_bodies
600,Klang,Steel,,440,60.0,80.0,95.0,70.0,85.0,50.0,5,False,Grey,False,,Mineral,,False,0.61,51.0,60.0,multiple_bodies
601,Klinklang,Steel,,520,60.0,100.0,115.0,70.0,85.0,90.0,5,False,Grey,False,,Mineral,,False,0.61,81.0,30.0,multiple_bodies
602,Tynamo,Electric,,275,35.0,55.0,40.0,45.0,40.0,60.0,5,False,White,True,0.5,Amorphous,,False,0.2,0.3,190.0,with_fins
603,Eelektrik,Electric,,405,65.0,85.0,70.0,75.0,70.0,40.0,5,False,Blue,True,0.5,Amorphous,,False,1.19,22.0,60.0,with_fins
604,Eelektross,Electric,,515,85.0,115.0,80.0,105.0,80.0,50.0,5,False,Blue,True,0.5,Amorphous,,False,2.11,80.5,30.0,with_fins
605,Elgyem,Psychic,,335,55.0,55.0,55.0,85.0,55.0,30.0,5,False,Grey,True,0.5,Human-Like,,False,0.51,9.0,255.0,bipedal_tailed
606,Beheeyem,Psychic,,485,75.0,75.0,75.0,125.0,95.0,40.0,5,False,Brown,True,0.5,Human-Like,,False,0.99,34.5,90.0,bipedal_tailless
607,Litwick,Ghost,Fire,275,50.0,30.0,55.0,65.0,55.0,20.0,5,False,White,True,0.5,Amorphous,,False,0.3,3.1,190.0,head_base
608,Lampent,Ghost,Fire,370,60.0,40.0,60.0,95.0,60.0,55.0,5,False,Black,True,0.5,Amorphous,,False,0.61,13.0,90.0,head_arms
609,Chandelure,Ghost,Fire,520,60.0,55.0,90.0,145.0,90.0,80.0,5,False,Black,True,0.5,Amorphous,,False,0.99,34.3,45.0,head_arms
610,Axew,Dragon,,320,46.0,87.0,60.0,30.0,40.0,57.0,5,False,Green,True,0.5,Monster,Dragon,False,0.61,18.0,75.0,bipedal_tailed
611,Fraxure,Dragon,,410,66.0,117.0,70.0,40.0,50.0,67.0,5,False,Green,True,0.5,Monster,Dragon,False,0.99,36.0,60.0,bipedal_tailed
612,Haxorus,Dragon,,540,76.0,147.0,90.0,60.0,70.0,97.0,5,False,Yellow,True,0.5,Monster,Dragon,False,1.8,105.5,45.0,bipedal_tailed
613,Cubchoo,Ice,,305,55.0,70.0,40.0,60.0,40.0,40.0,5,False,Blue,True,0.5,Field,,False,0.51,8.5,120.0,bipedal_tailed
614,Beartic,Ice,,485,95.0,110.0,80.0,70.0,80.0,50.0,5,False,White,True,0.5,Field,,False,2.59,260.0,60.0,quadruped
615,Cryogonal,Ice,,485,70.0,50.0,30.0,95.0,135.0,105.0,5,False,Blue,False,,Mineral,,False,1.09,148.0,25.0,head_only
616,Shelmet,Bug,,305,50.0,40.0,85.0,40.0,65.0,25.0,5,False,Red,True,0.5,Bug,,False,0.41,7.7,200.0,head_only
617,Accelgor,Bug,,495,80.0,70.0,40.0,100.0,60.0,145.0,5,False,Red,True,0.5,Bug,,False,0.79,25.3,75.0,head_arms
618,Stunfisk,Ground,Electric,471,109.0,66.0,84.0,81.0,99.0,32.0,5,False,Brown,True,0.5,Water_1,Amorphous,False,0.71,11.0,75.0,with_fins
619,Mienfoo,Fighting,,350,45.0,85.0,50.0,55.0,50.0,65.0,5,False,Yellow,True,0.5,Field,Human-Like,False,0.89,20.0,180.0,bipedal_tailed
620,Mienshao,Fighting,,510,65.0,125.0,60.0,95.0,60.0,105.0,5,False,Purple,True,0.5,Field,Human-Like,False,1.4,35.5,45.0,bipedal_tailed
621,Druddigon,Dragon,,485,77.0,120.0,90.0,60.0,90.0,48.0,5,False,Red,True,0.5,Dragon,Monster,False,1.6,139.0,45.0,bipedal_tailed
622,Golett,Ground,Ghost,303,59.0,74.0,50.0,35.0,50.0,35.0,5,False,Green,False,,Mineral,,False,0.99,92.0,190.0,bipedal_tailless
623,Golurk,Ground,Ghost,483,89.0,124.0,80.0,55.0,80.0,55.0,5,False,Green,False,,Mineral,,False,2.79,330.0,90.0,bipedal_tailless
624,Pawniard,Dark,Steel,340,45.0,85.0,70.0,40.0,40.0,60.0,5,False,Red,True,0.5,Human-Like,,False,0.51,10.2,120.0,bipedal_tailless
625,Bisharp,Dark,Steel,490,65.0,125.0,100.0,60.0,70.0,70.0,5,False,Red,True,0.5,Human-Like,,False,1.6,70.0,45.0,bipedal_tailless
626,Bouffalant,Normal,,490,95.0,110.0,95.0,40.0,95.0,55.0,5,False,Brown,True,0.5,Field,,False,1.6,94.6,45.0,quadruped
627,Rufflet,Normal,Flying,350,70.0,83.0,50.0,37.0,50.0,60.0,5,False,White,True,1.0,Flying,,False,0.51,10.5,190.0,two_wings
628,Braviary,Normal,Flying,510,100.0,123.0,75.0,57.0,75.0,80.0,5,False,Red,True,1.0,Flying,,False,1.5,41.0,60.0,two_wings
629,Vullaby,Dark,Flying,370,70.0,55.0,75.0,45.0,65.0,60.0,5,False,Brown,True,0.0,Flying,,False,0.51,9.0,190.0,two_wings
630,Mandibuzz,Dark,Flying,510,110.0,65.0,105.0,55.0,95.0,80.0,5,False,Brown,True,0.0,Flying,,False,1.19,39.5,60.0,two_wings
631,Heatmor,Fire,,484,85.0,97.0,66.0,105.0,66.0,65.0,5,False,Red,True,0.5,Field,,False,1.4,58.0,90.0,bipedal_tailed
632,Durant,Bug,Steel,484,58.0,109.0,112.0,48.0,48.0,109.0,5,False,Grey,True,0.5,Bug,,False,0.3,33.0,90.0,insectoid
633,Deino,Dark,Dragon,300,52.0,65.0,50.0,45.0,50.0,38.0,5,False,Blue,True,0.5,Dragon,,False,0.79,17.3,45.0,quadruped
634,Zweilous,Dark,Dragon,420,72.0,85.0,70.0,65.0,70.0,58.0,5,False,Blue,True,0.5,Dragon,,False,1.4,50.0,45.0,quadruped
635,Hydreigon,Dark,Dragon,600,92.0,105.0,90.0,125.0,90.0,98.0,5,False,Blue,True,0.5,Dragon,,False,1.8,160.0,45.0,bipedal_tailed
636,Larvesta,Bug,Fire,360,55.0,85.0,55.0,50.0,55.0,60.0,5,False,White,True,0.5,Bug,,False,1.09,28.8,45.0,insectoid
637,Volcarona,Bug,Fire,550,85.0,60.0,65.0,135.0,105.0,100.0,5,False,White,True,0.5,Bug,,False,1.6,46.0,15.0,four_wings
638,Cobalion,Steel,Fighting,580,91.0,90.0,129.0,90.0,72.0,108.0,5,True,Blue,False,,Undiscovered,,False,2.11,250.0,3.0,quadruped
639,Terrakion,Rock,Fighting,580,91.0,129.0,90.0,72.0,90.0,108.0,5,True,Grey,False,,Undiscovered,,False,1.91,260.0,3.0,quadruped
640,Virizion,Grass,Fighting,580,91.0,90.0,72.0,90.0,129.0,108.0,5,True,Green,False,,Undiscovered,,False,2.01,200.0,3.0,quadruped
641,Tornadus,Flying,,580,79.0,115.0,70.0,125.0,80.0,111.0,5,True,Green,True,1.0,Undiscovered,,False,1.5,63.0,3.0,head_arms
642,Thundurus,Electric,Flying,580,79.0,115.0,70.0,125.0,80.0,111.0,5,True,Blue,True,1.0,Undiscovered,,False,1.5,61.0,3.0,head_arms
643,Reshiram,Dragon,Fire,680,100.0,120.0,100.0,150.0,120.0,90.0,5,True,White,False,,Undiscovered,,False,3.2,330.0,3.0,two_wings
644,Zekrom,Dragon,Electric,680,100.0,150.0,120.0,120.0,100.0,90.0,5,True,Black,False,,Undiscovered,,False,2.9,345.0,3.0,bipedal_tailed
645,Landorus,Ground,Flying,600,89.0,125.0,90.0,115.0,80.0,101.0,5,True,Brown,True,1.0,Undiscovered,,False,1.5,68.0,3.0,head_arms
646,Kyurem,Dragon,Ice,660,125.0,130.0,90.0,130.0,90.0,95.0,5,True,Grey,False,,Undiscovered,,False,3.0,325.0,3.0,bipedal_tailed
647,Keldeo,Water,Fighting,580,91.0,72.0,90.0,129.0,90.0,108.0,5,False,Yellow,False,,Undiscovered,,False,1.4,48.5,3.0,quadruped
648,Meloetta,Normal,Psychic,600,100.0,77.0,77.0,128.0,128.0,90.0,5,False,White,False,,Undiscovered,,False,0.61,6.5,3.0,bipedal_tailless
649,Genesect,Bug,Steel,600,71.0,120.0,95.0,120.0,95.0,99.0,5,False,Purple,False,,Undiscovered,,False,1.5,82.5,3.0,bipedal_tailless
650,Chespin,Grass,,313,56.0,61.0,65.0,48.0,45.0,38.0,6,False,Green,True,0.875,Field,,False,0.41,9.0,45.0,bipedal_tailed
651,Quilladin,Grass,,405,61.0,78.0,95.0,56.0,58.0,57.0,6,False,Green,True,0.875,Field,,False,0.71,29.0,45.0,bipedal_tailed
652,Chesnaught,Grass,Fighting,530,88.0,107.0,122.0,74.0,75.0,64.0,6,False,Green,True,0.875,Field,,False,1.6,90.0,45.0,bipedal_tailed
653,Fennekin,Fire,,307,40.0,45.0,40.0,62.0,60.0,60.0,6,False,Red,True,0.875,Field,,False,0.41,9.4,45.0,quadruped
654,Braixen,Fire,,409,59.0,59.0,58.0,90.0,70.0,73.0,6,False,Red,True,0.875,Field,,False,0.99,14.5,45.0,bipedal_tailed
655,Delphox,Fire,Psychic,534,75.0,69.0,72.0,114.0,100.0,104.0,6,False,Red,True,0.875,Field,,False,1.5,39.0,45.0,bipedal_tailed
656,Froakie,Water,,314,41.0,56.0,40.0,62.0,44.0,71.0,6,False,Blue,True,0.875,Water_1,,False,0.3,7.0,45.0,quadruped
657,Frogadier,Water,,405,54.0,63.0,52.0,83.0,56.0,97.0,6,False,Blue,True,0.875,Water_1,,False,0.61,10.9,45.0,bipedal_tailless
658,Greninja,Water,Dark,530,72.0,95.0,67.0,103.0,71.0,122.0,6,False,Blue,True,0.875,Water_1,,False,1.5,40.0,45.0,bipedal_tailless
659,Bunnelby,Normal,,237,38.0,36.0,38.0,32.0,36.0,57.0,6,False,Brown,True,0.5,Field,,False,0.41,5.0,255.0,bipedal_tailed
660,Diggersby,Normal,Ground,423,85.0,56.0,77.0,50.0,77.0,78.0,6,False,Brown,True,0.5,Field,,False,0.99,42.4,127.0,bipedal_tailed
661,Fletchling,Normal,Flying,278,45.0,50.0,43.0,40.0,38.0,62.0,6,False,Red,True,0.5,Flying,,False,0.3,1.7,255.0,two_wings
662,Fletchinder,Fire,Flying,382,62.0,73.0,55.0,56.0,52.0,84.0,6,False,Red,True,0.5,Flying,,False,0.71,16.0,120.0,two_wings
663,Talonflame,Fire,Flying,499,78.0,81.0,71.0,74.0,69.0,126.0,6,False,Red,True,0.5,Flying,,False,1.19,24.5,45.0,two_wings
664,Scatterbug,Bug,,200,38.0,35.0,40.0,27.0,25.0,35.0,6,False,Black,True,0.5,Bug,,False,0.3,2.5,255.0,insectoid
665,Spewpa,Bug,,213,45.0,22.0,60.0,27.0,30.0,29.0,6,False,Black,True,0.5,Bug,,False,0.3,8.4,120.0,head_base
666,Vivillon,Bug,Flying,411,80.0,52.0,50.0,90.0,50.0,89.0,6,False,Black,True,0.5,Bug,,False,1.19,17.0,45.0,four_wings
667,Litleo,Fire,Normal,369,62.0,50.0,58.0,73.0,54.0,72.0,6,False,Brown,True,0.125,Field,,False,0.61,13.5,220.0,quadruped
668,Pyroar,Fire,Normal,507,86.0,68.0,72.0,109.0,66.0,106.0,6,False,Brown,True,0.125,Field,,False,1.5,81.5,65.0,quadruped
669,Flabébé,Fairy,,303,44.0,38.0,39.0,61.0,79.0,42.0,6,False,White,True,0.0,Fairy,,False,0.1,0.1,225.0,head_arms
670,Floette,Fairy,,371,54.0,45.0,47.0,75.0,98.0,52.0,6,False,White,True,0.0,Fairy,,False,0.2,0.9,120.0,head_arms
671,Florges,Fairy,,552,78.0,65.0,68.0,112.0,154.0,75.0,6,False,White,True,0.0,Fairy,,False,1.09,10.0,45.0,head_arms
672,Skiddo,Grass,,350,66.0,65.0,48.0,62.0,57.0,52.0,6,False,Brown,True,0.5,Field,,False,0.89,31.0,200.0,quadruped
673,Gogoat,Grass,,531,123.0,100.0,62.0,97.0,81.0,68.0,6,False,Brown,True,0.5,Field,,False,1.7,91.0,45.0,quadruped
674,Pancham,Fighting,,348,67.0,82.0,62.0,46.0,48.0,43.0,6,False,White,True,0.5,Field,Human-Like,False,0.61,8.0,220.0,bipedal_tailed
675,Pangoro,Fighting,Dark,495,95.0,124.0,78.0,69.0,71.0,58.0,6,False,White,True,0.5,Field,Human-Like,False,2.11,136.0,65.0,bipedal_tailless
676,Furfrou,Normal,,472,75.0,80.0,60.0,65.0,90.0,102.0,6,False,White,True,0.5,Field,,False,1.19,28.0,160.0,quadruped
677,Espurr,Psychic,,355,62.0,48.0,54.0,63.0,60.0,68.0,6,False,Grey,True,0.5,Field,,False,0.3,3.5,190.0,bipedal_tailed
678,Meowstic,Psychic,,466,74.0,48.0,76.0,83.0,81.0,104.0,6,False,White,True,0.5,Field,,False,0.61,8.5,75.0,bipedal_tailed
679,Honedge,Steel,Ghost,325,45.0,80.0,100.0,35.0,37.0,28.0,6,False,Brown,True,0.5,Mineral,,False,0.79,2.0,180.0,head_base
680,Doublade,Steel,Ghost,448,59.0,110.0,150.0,45.0,49.0,35.0,6,False,Brown,True,0.5,Mineral,,False,0.84,4.5,90.0,multiple_bodies
681,Aegislash,Steel,Ghost,520,60.0,50.0,150.0,50.0,150.0,60.0,6,False,Brown,True,0.5,Mineral,,False,1.7,53.0,45.0,head_base
682,Spritzee,Fairy,,341,78.0,52.0,60.0,63.0,65.0,23.0,6,False,Pink,True,0.5,Fairy,,False,0.2,0.5,200.0,head_arms
683,Aromatisse,Fairy,,462,101.0,72.0,72.0,99.0,89.0,29.0,6,False,Pink,True,0.5,Fairy,,False,0.79,15.5,140.0,bipedal_tailless
684,Swirlix,Fairy,,341,62.0,48.0,66.0,59.0,57.0,49.0,6,False,White,True,0.5,Fairy,,False,0.41,3.5,200.0,head_legs
685,Slurpuff,Fairy,,480,82.0,80.0,86.0,85.0,75.0,72.0,6,False,White,True,0.5,Fairy,,False,0.79,5.0,140.0,bipedal_tailless
686,Inkay,Dark,Psychic,288,53.0,54.0,53.0,37.0,46.0,45.0,6,False,Blue,True,0.5,Water_1,Water_2,False,0.41,3.5,190.0,several_limbs
687,Malamar,Dark,Psychic,482,86.0,92.0,88.0,68.0,75.0,73.0,6,False,Blue,True,0.5,Water_1,Water_2,False,1.5,47.0,80.0,head_base
688,Binacle,Rock,Water,306,42.0,52.0,67.0,39.0,56.0,50.0,6,False,Brown,True,0.5,Water_3,,False,0.51,31.0,120.0,multiple_bodies
689,Barbaracle,Rock,Water,500,72.0,105.0,115.0,54.0,86.0,68.0,6,False,Brown,True,0.5,Water_3,,False,1.3,96.0,45.0,multiple_bodies
690,Skrelp,Poison,Water,320,50.0,60.0,60.0,60.0,60.0,30.0,6,False,Brown,True,0.5,Water_1,Dragon,False,0.51,7.3,225.0,head_base
691,Dragalge,Poison,Dragon,494,65.0,75.0,90.0,97.0,123.0,44.0,6,False,Brown,True,0.5,Water_1,Dragon,False,1.8,81.5,55.0,head_base
692,Clauncher,Water,,330,50.0,53.0,62.0,58.0,63.0,44.0,6,False,Blue,True,0.5,Water_1,Water_3,False,0.51,8.3,225.0,insectoid
693,Clawitzer,Water,,500,71.0,73.0,88.0,120.0,89.0,59.0,6,False,Blue,True,0.5,Water_1,Water_3,False,1.3,35.3,55.0,serpentine_body
694,Helioptile,Electric,Normal,289,44.0,38.0,33.0,61.0,43.0,70.0,6,False,Yellow,True,0.5,Monster,Dragon,False,0.51,6.0,190.0,bipedal_tailed
695,Heliolisk,Electric,Normal,481,62.0,55.0,52.0,109.0,94.0,109.0,6,False,Yellow,True,0.5,Monster,Dragon,False,0.99,21.0,75.0,bipedal_tailed
696,Tyrunt,Rock,Dragon,362,58.0,89.0,77.0,45.0,45.0,48.0,6,False,Brown,True,0.875,Monster,Dragon,False,0.79,26.0,45.0,bipedal_tailed
697,Tyrantrum,Rock,Dragon,521,82.0,121.0,119.0,69.0,59.0,71.0,6,False,Red,True,0.875,Monster,Dragon,False,2.49,270.0,45.0,bipedal_tailed
698,Amaura,Rock,Ice,362,77.0,59.0,50.0,67.0,63.0,46.0,6,False,Blue,True,0.875,Monster,,False,1.3,25.2,45.0,quadruped
699,Aurorus,Rock,Ice,521,123.0,77.0,72.0,99.0,92.0,58.0,6,False,Blue,True,0.875,Monster,,False,2.69,225.0,45.0,quadruped
700,Sylveon,Fairy,,525,95.0,65.0,65.0,110.0,130.0,60.0,6,False,Pink,True,0.875,Field,,False,0.99,23.5,45.0,quadruped
701,Hawlucha,Fighting,Flying,500,78.0,92.0,75.0,74.0,63.0,118.0,6,False,Green,True,0.5,Human-Like,,False,0.79,21.5,100.0,bipedal_tailless
702,Dedenne,Electric,Fairy,431,67.0,58.0,57.0,81.0,67.0,101.0,6,False,Yellow,True,0.5,Field,Fairy,False,0.2,2.2,180.0,bipedal_tailed
703,Carbink,Rock,Fairy,500,50.0,50.0,150.0,50.0,150.0,50.0,6,False,Grey,False,,Fairy,Mineral,False,0.3,5.7,60.0,head_only
704,Goomy,Dragon,,300,45.0,50.0,35.0,55.0,75.0,40.0,6,False,Purple,True,0.5,Dragon,,False,0.3,2.8,45.0,serpentine_body
705,Sliggoo,Dragon,,452,68.0,75.0,53.0,83.0,113.0,60.0,6,False,Purple,True,0.5,Dragon,,False,0.79,17.5,45.0,serpentine_body
706,Goodra,Dragon,,600,90.0,100.0,70.0,110.0,150.0,80.0,6,False,Purple,True,0.5,Dragon,,False,2.01,150.5,45.0,bipedal_tailed
707,Klefki,Steel,Fairy,470,57.0,80.0,91.0,80.0,87.0,75.0,6,False,Grey,True,0.5,Mineral,,False,0.2,3.0,75.0,head_only
708,Phantump,Ghost,Grass,309,43.0,70.0,48.0,50.0,60.0,38.0,6,False,Brown,True,0.5,Grass,Amorphous,False,0.41,7.0,120.0,head_arms
709,Trevenant,Ghost,Grass,474,85.0,110.0,76.0,65.0,82.0,56.0,6,False,Brown,True,0.5,Grass,Amorphous,False,1.5,71.0,60.0,several_limbs
710,Pumpkaboo,Ghost,Grass,335,49.0,66.0,70.0,44.0,55.0,51.0,6,False,Brown,True,0.5,Amorphous,,False,0.41,5.0,120.0,head_only
711,Gourgeist,Ghost,Grass,494,65.0,90.0,122.0,58.0,75.0,84.0,6,False,Brown,True,0.5,Amorphous,,False,1.7,39.0,60.0,head_base
712,Bergmite,Ice,,304,55.0,69.0,85.0,32.0,35.0,28.0,6,False,Blue,True,0.5,Monster,,False,0.99,99.5,190.0,quadruped
713,Avalugg,Ice,,514,95.0,117.0,184.0,44.0,46.0,28.0,6,False,Blue,True,0.5,Monster,,False,2.01,505.0,55.0,quadruped
714,Noibat,Flying,Dragon,245,40.0,30.0,35.0,45.0,40.0,55.0,6,False,Purple,True,0.5,Flying,,False,0.51,8.0,190.0,two_wings
715,Noivern,Flying,Dragon,535,85.0,70.0,80.0,97.0,80.0,123.0,6,False,Purple,True,0.5,Flying,,False,1.5,85.0,45.0,two_wings
716,Xerneas,Fairy,,680,126.0,131.0,95.0,131.0,98.0,99.0,6,True,Blue,False,,Undiscovered,,False,3.0,215.0,45.0,quadruped
717,Yveltal,Dark,Flying,680,126.0,131.0,95.0,131.0,98.0,99.0,6,True,Red,False,,Undiscovered,,False,5.79,203.0,45.0,two_wings
718,Zygarde,Dragon,Ground,600,108.0,100.0,121.0,81.0,95.0,95.0,6,True,Green,False,,Undiscovered,,False,5.0,305.0,3.0,serpentine_body
719,Diancie,Rock,Fairy,600,50.0,100.0,150.0,100.0,150.0,50.0,6,True,Pink,False,,Undiscovered,,True,0.71,8.8,3.0,head_arms
720,Hoopa,Psychic,Ghost,600,80.0,110.0,60.0,150.0,130.0,70.0,6,True,Purple,False,,Undiscovered,,False,0.51,9.0,3.0,head_only
721,Volcanion,Fire,Water,600,80.0,110.0,120.0,130.0,90.0,70.0,6,True,Brown,False,,Undiscovered,,False,1.7,195.0,3.0,quadruped
