Unnamed: 0,school,sex,age,address,famsize,Pstatus,Medu,Fedu,Mjob,Fjob,reason,guardian,traveltime,studytime,failures,schoolsup,famsup,paid,activities,nursery,higher,internet,romantic,famrel,freetime,goout,Dalc,Walc,health,absences,G1,G2,G3
0,GP,F,18.0,U,GT3,A,4.0,4.0,at_home,teacher,course,mother,2.0,2.0,0.0,yes,no,no,no,yes,yes,no,no,4.0,3.0,4.0,1.0,1.0,3.0,4.0,0.0,11.0,11.0
1,GP,F,17.0,U,GT3,T,1.0,1.0,at_home,other,course,father,1.0,2.0,0.0,no,yes,no,no,no,yes,yes,no,5.0,3.0,3.0,1.0,1.0,3.0,2.0,9.0,11.0,11.0
2,GP,F,15.0,U,LE3,T,1.0,1.0,at_home,other,other,mother,1.0,2.0,0.0,yes,no,no,no,yes,yes,yes,no,4.0,3.0,2.0,2.0,3.0,3.0,6.0,12.0,13.0,12.0
3,GP,F,15.0,U,GT3,T,4.0,2.0,health,services,home,mother,1.0,3.0,0.0,no,yes,no,yes,yes,yes,yes,yes,3.0,2.0,2.0,1.0,1.0,5.0,0.0,14.0,14.0,14.0
4,GP,F,16.0,U,GT3,T,3.0,3.0,other,other,home,father,1.0,2.0,0.0,no,yes,no,no,yes,yes,no,no,4.0,3.0,2.0,1.0,2.0,5.0,0.0,11.0,13.0,13.0
5,GP,M,16.0,U,LE3,T,4.0,3.0,services,other,reputation,mother,1.0,2.0,0.0,no,yes,no,yes,yes,yes,yes,no,5.0,4.0,2.0,1.0,2.0,5.0,6.0,12.0,12.0,13.0
6,GP,M,16.0,U,LE3,T,2.0,2.0,other,other,home,mother,1.0,2.0,0.0,no,no,no,no,yes,yes,yes,no,4.0,4.0,4.0,1.0,1.0,3.0,0.0,13.0,12.0,13.0
7,GP,F,17.0,U,GT3,A,4.0,4.0,other,teacher,home,mother,2.0,2.0,0.0,yes,yes,no,no,yes,yes,no,no,4.0,1.0,4.0,1.0,1.0,1.0,2.0,10.0,13.0,13.0
8,GP,M,15.0,U,LE3,A,3.0,2.0,services,other,home,mother,1.0,2.0,0.0,no,yes,no,no,yes,yes,yes,no,4.0,2.0,2.0,1.0,1.0,1.0,0.0,15.0,16.0,17.0
9,GP,M,15.0,U,GT3,T,3.0,4.0,other,other,home,mother,1.0,2.0,0.0,no,yes,no,yes,yes,yes,yes,no,5.0,5.0,1.0,1.0,1.0,5.0,0.0,12.0,12.0,13.0
10,GP,F,15.0,U,GT3,T,4.0,4.0,teacher,health,reputation,mother,1.0,2.0,0.0,no,yes,no,no,yes,yes,yes,no,3.0,3.0,3.0,1.0,2.0,2.0,2.0,14.0,14.0,14.0
11,GP,F,15.0,U,GT3,T,2.0,1.0,services,other,reputation,father,3.0,3.0,0.0,no,yes,no,yes,yes,yes,yes,no,5.0,2.0,2.0,1.0,1.0,4.0,0.0,10.0,12.0,13.0
12,GP,M,15.0,U,LE3,T,4.0,4.0,health,services,course,father,1.0,1.0,0.0,no,yes,no,yes,yes,yes,yes,no,4.0,3.0,3.0,1.0,3.0,5.0,0.0,12.0,13.0,12.0
13,GP,M,15.0,U,GT3,T,4.0,3.0,teacher,other,course,mother,2.0,2.0,0.0,no,yes,no,no,yes,yes,yes,no,5.0,4.0,3.0,1.0,2.0,3.0,0.0,12.0,12.0,13.0
14,GP,M,15.0,U,GT3,A,2.0,2.0,other,other,home,other,1.0,3.0,0.0,no,yes,no,no,yes,yes,yes,yes,4.0,5.0,2.0,1.0,1.0,3.0,0.0,14.0,14.0,15.0
15,GP,F,16.0,U,GT3,T,4.0,4.0,health,other,home,mother,1.0,1.0,0.0,no,yes,no,no,yes,yes,yes,no,4.0,4.0,4.0,1.0,2.0,2.0,6.0,17.0,17.0,17.0
16,GP,F,16.0,U,GT3,T,4.0,4.0,services,services,reputation,mother,1.0,3.0,0.0,no,yes,no,yes,yes,yes,yes,no,3.0,2.0,3.0,1.0,2.0,2.0,10.0,13.0,13.0,14.0
17,GP,F,16.0,U,GT3,T,3.0,3.0,other,other,reputation,mother,3.0,2.0,0.0,yes,yes,no,yes,yes,yes,no,no,5.0,3.0,2.0,1.0,1.0,4.0,2.0,13.0,14.0,14.0
18,GP,M,17.0,U,GT3,T,3.0,2.0,services,services,course,mother,1.0,1.0,3.0,no,yes,yes,yes,yes,yes,yes,no,5.0,5.0,5.0,2.0,4.0,5.0,2.0,8.0,8.0,7.0
19,GP,M,16.0,U,LE3,T,4.0,3.0,health,other,home,father,1.0,1.0,0.0,no,no,no,yes,yes,yes,yes,no,3.0,1.0,3.0,1.0,3.0,5.0,6.0,12.0,12.0,12.0
20,GP,M,15.0,U,GT3,T,4.0,3.0,teacher,other,reputation,mother,1.0,2.0,0.0,no,no,no,no,yes,yes,yes,no,4.0,4.0,1.0,1.0,1.0,1.0,0.0,12.0,13.0,14.0
21,GP,M,15.0,U,GT3,T,4.0,4.0,health,health,other,father,1.0,1.0,0.0,no,yes,yes,no,yes,yes,yes,no,5.0,4.0,2.0,1.0,1.0,5.0,0.0,11.0,12.0,12.0
22,GP,M,16.0,U,LE3,T,4.0,2.0,teacher,other,course,mother,1.0,2.0,0.0,no,no,no,yes,yes,yes,yes,no,4.0,5.0,1.0,1.0,3.0,5.0,0.0,12.0,13.0,14.0
23,GP,M,16.0,U,LE3,T,2.0,2.0,other,other,reputation,mother,2.0,2.0,0.0,no,yes,no,yes,yes,yes,yes,no,5.0,4.0,4.0,2.0,4.0,5.0,2.0,10.0,10.0,10.0
24,GP,F,15.0,R,GT3,T,2.0,4.0,services,health,course,mother,1.0,3.0,0.0,yes,yes,no,yes,yes,yes,yes,no,4.0,3.0,2.0,1.0,1.0,5.0,2.0,10.0,11.0,10.0
25,GP,F,16.0,U,GT3,T,2.0,2.0,services,services,home,mother,1.0,1.0,0.0,no,yes,no,no,no,yes,yes,no,1.0,2.0,2.0,1.0,3.0,5.0,6.0,10.0,11.0,12.0
26,GP,M,15.0,U,GT3,T,2.0,2.0,other,other,home,mother,1.0,1.0,0.0,no,yes,no,no,yes,yes,yes,no,4.0,2.0,2.0,1.0,2.0,5.0,8.0,11.0,12.0,12.0
27,GP,M,15.0,U,GT3,T,4.0,2.0,health,services,other,mother,1.0,1.0,0.0,no,no,no,no,yes,yes,yes,no,2.0,2.0,4.0,2.0,4.0,1.0,0.0,11.0,11.0,11.0
28,GP,M,16.0,U,LE3,A,3.0,4.0,services,other,home,mother,1.0,2.0,0.0,yes,yes,yes,yes,yes,yes,yes,no,5.0,3.0,3.0,1.0,1.0,5.0,2.0,12.0,12.0,13.0
29,GP,M,16.0,U,GT3,T,4.0,4.0,teacher,teacher,home,mother,1.0,2.0,0.0,no,yes,yes,yes,yes,yes,yes,yes,4.0,4.0,5.0,5.0,5.0,5.0,4.0,12.0,11.0,12.0
30,GP,M,15.0,U,GT3,T,4.0,4.0,health,services,home,mother,1.0,2.0,0.0,no,yes,yes,no,no,yes,yes,no,5.0,4.0,2.0,3.0,4.0,5.0,0.0,10.0,11.0,11.0
31,GP,M,15.0,U,GT3,T,4.0,4.0,services,services,reputation,mother,2.0,2.0,0.0,no,yes,no,yes,yes,yes,yes,no,4.0,3.0,1.0,1.0,1.0,5.0,2.0,15.0,15.0,15.0
32,GP,M,15.0,R,GT3,T,4.0,3.0,teacher,at_home,course,mother,1.0,2.0,0.0,no,yes,no,yes,yes,yes,yes,yes,4.0,5.0,2.0,1.0,1.0,5.0,0.0,13.0,14.0,15.0
33,GP,M,15.0,U,LE3,T,3.0,3.0,other,other,course,mother,1.0,2.0,0.0,no,no,no,yes,no,yes,yes,no,5.0,3.0,2.0,1.0,1.0,2.0,0.0,13.0,12.0,12.0
34,GP,M,16.0,U,GT3,T,3.0,2.0,other,other,home,mother,1.0,1.0,0.0,no,yes,no,no,no,yes,yes,no,5.0,4.0,3.0,1.0,1.0,5.0,4.0,12.0,12.0,12.0
35,GP,F,15.0,U,GT3,T,2.0,3.0,other,other,other,father,2.0,1.0,0.0,no,yes,no,yes,yes,yes,no,no,3.0,5.0,1.0,1.0,1.0,5.0,4.0,11.0,11.0,11.0
36,GP,M,15.0,U,LE3,T,4.0,3.0,teacher,services,home,mother,1.0,3.0,0.0,no,yes,no,yes,yes,yes,yes,no,5.0,4.0,3.0,1.0,1.0,4.0,0.0,14.0,14.0,14.0
37,GP,M,16.0,R,GT3,A,4.0,4.0,other,teacher,reputation,mother,2.0,3.0,0.0,no,yes,no,yes,yes,yes,yes,yes,2.0,4.0,3.0,1.0,1.0,5.0,4.0,13.0,13.0,13.0
38,GP,F,15.0,R,GT3,T,3.0,4.0,services,health,course,mother,1.0,3.0,0.0,yes,yes,no,yes,yes,yes,yes,no,4.0,3.0,2.0,1.0,1.0,5.0,2.0,11.0,12.0,12.0
39,GP,F,15.0,R,GT3,T,2.0,2.0,at_home,other,reputation,mother,1.0,1.0,0.0,yes,yes,no,yes,yes,yes,no,no,4.0,3.0,1.0,1.0,1.0,2.0,8.0,14.0,13.0,12.0
40,GP,F,16.0,U,LE3,T,2.0,2.0,other,other,home,mother,2.0,2.0,0.0,no,yes,no,yes,no,yes,yes,yes,3.0,3.0,3.0,1.0,2.0,3.0,16.0,11.0,11.0,10.0
41,GP,M,15.0,U,LE3,T,4.0,4.0,teacher,other,home,other,1.0,1.0,0.0,no,yes,no,no,no,yes,yes,yes,5.0,4.0,3.0,2.0,4.0,5.0,8.0,10.0,11.0,11.0
42,GP,M,15.0,U,GT3,T,4.0,4.0,services,teacher,course,father,1.0,2.0,0.0,no,yes,no,yes,yes,yes,yes,no,4.0,3.0,3.0,1.0,1.0,5.0,0.0,14.0,15.0,15.0
43,GP,M,15.0,U,GT3,T,2.0,2.0,services,services,course,father,1.0,1.0,0.0,yes,yes,no,no,yes,yes,yes,no,5.0,4.0,1.0,1.0,1.0,1.0,0.0,9.0,10.0,10.0
44,GP,F,16.0,U,LE3,T,2.0,2.0,other,at_home,course,father,2.0,2.0,1.0,yes,no,no,yes,yes,yes,yes,no,4.0,3.0,3.0,2.0,2.0,5.0,14.0,10.0,11.0,11.0
45,GP,F,15.0,U,LE3,A,4.0,3.0,other,other,course,mother,1.0,2.0,0.0,yes,yes,yes,yes,yes,yes,yes,yes,5.0,2.0,2.0,1.0,1.0,5.0,4.0,10.0,11.0,11.0
46,GP,F,16.0,U,LE3,A,3.0,3.0,other,services,home,mother,1.0,2.0,0.0,no,yes,no,no,yes,yes,yes,no,2.0,3.0,5.0,1.0,4.0,3.0,6.0,13.0,12.0,13.0
47,GP,M,16.0,U,GT3,T,4.0,3.0,health,services,reputation,mother,1.0,4.0,0.0,no,no,no,yes,yes,yes,yes,no,4.0,2.0,2.0,1.0,1.0,2.0,2.0,17.0,17.0,17.0
48,GP,M,15.0,U,GT3,T,4.0,2.0,teacher,other,home,mother,1.0,2.0,0.0,no,yes,no,no,yes,yes,no,no,4.0,3.0,3.0,2.0,2.0,5.0,4.0,11.0,12.0,13.0
49,GP,F,15.0,U,GT3,T,4.0,4.0,services,teacher,other,father,1.0,2.0,0.0,yes,yes,no,yes,no,yes,yes,no,4.0,4.0,4.0,1.0,1.0,3.0,2.0,13.0,12.0,12.0
50,GP,F,16.0,U,LE3,T,2.0,2.0,services,services,course,mother,3.0,2.0,0.0,no,yes,no,no,yes,yes,yes,no,4.0,3.0,3.0,2.0,3.0,4.0,0.0,14.0,13.0,13.0
51,GP,F,15.0,U,LE3,T,4.0,2.0,health,other,other,mother,1.0,2.0,0.0,no,yes,no,no,yes,yes,yes,no,4.0,3.0,3.0,1.0,1.0,5.0,0.0,16.0,14.0,16.0
52,GP,M,15.0,U,LE3,A,4.0,2.0,health,health,other,father,2.0,1.0,0.0,no,no,no,no,yes,yes,no,no,5.0,5.0,5.0,3.0,4.0,5.0,4.0,10.0,9.0,9.0
53,GP,F,15.0,U,GT3,T,4.0,4.0,services,services,course,mother,1.0,1.0,0.0,yes,yes,no,no,yes,yes,yes,no,3.0,3.0,4.0,2.0,3.0,5.0,0.0,13.0,12.0,12.0
54,GP,F,15.0,U,LE3,A,3.0,3.0,other,other,other,mother,1.0,1.0,0.0,no,no,no,no,yes,yes,yes,no,5.0,3.0,4.0,4.0,4.0,1.0,0.0,13.0,12.0,13.0
55,GP,F,16.0,U,GT3,A,2.0,1.0,other,other,other,mother,1.0,2.0,0.0,no,no,no,yes,yes,yes,yes,yes,5.0,3.0,4.0,1.0,1.0,2.0,2.0,12.0,13.0,12.0
56,GP,F,15.0,U,GT3,A,4.0,3.0,services,services,reputation,mother,1.0,2.0,0.0,no,yes,no,yes,yes,yes,yes,no,4.0,3.0,2.0,1.0,1.0,1.0,0.0,15.0,14.0,15.0
57,GP,M,15.0,U,GT3,T,4.0,4.0,teacher,health,reputation,mother,1.0,2.0,0.0,no,yes,no,yes,yes,yes,no,no,3.0,2.0,2.0,1.0,1.0,5.0,8.0,15.0,15.0,16.0
58,GP,M,15.0,U,LE3,T,1.0,2.0,other,at_home,home,father,1.0,2.0,0.0,yes,yes,no,yes,yes,yes,yes,no,4.0,3.0,2.0,1.0,1.0,5.0,0.0,14.0,13.0,14.0
59,GP,F,16.0,U,GT3,T,4.0,2.0,services,other,course,mother,1.0,2.0,0.0,no,yes,yes,no,yes,yes,yes,no,4.0,2.0,3.0,1.0,1.0,5.0,2.0,16.0,15.0,16.0
60,GP,F,16.0,R,GT3,T,4.0,4.0,health,teacher,other,mother,1.0,2.0,0.0,no,yes,no,yes,yes,yes,no,no,2.0,4.0,4.0,2.0,3.0,4.0,0.0,17.0,16.0,16.0
61,GP,F,16.0,U,GT3,T,1.0,1.0,services,services,course,father,4.0,1.0,0.0,yes,yes,no,yes,no,yes,yes,yes,5.0,5.0,5.0,5.0,5.0,5.0,0.0,10.0,10.0,16.0
62,GP,F,16.0,U,LE3,T,1.0,2.0,other,services,reputation,father,1.0,2.0,0.0,yes,no,no,yes,yes,yes,yes,no,4.0,4.0,3.0,1.0,1.0,1.0,0.0,13.0,13.0,10.0
63,GP,F,16.0,U,GT3,T,4.0,3.0,teacher,health,home,mother,1.0,3.0,0.0,yes,yes,no,yes,yes,yes,yes,no,3.0,4.0,4.0,2.0,4.0,4.0,0.0,14.0,13.0,13.0
64,GP,F,15.0,U,LE3,T,4.0,3.0,services,services,reputation,father,1.0,2.0,0.0,yes,no,no,yes,yes,yes,yes,yes,4.0,4.0,4.0,2.0,4.0,2.0,0.0,13.0,12.0,12.0
65,GP,F,16.0,U,LE3,T,4.0,3.0,teacher,services,course,mother,3.0,2.0,0.0,no,yes,no,yes,yes,yes,yes,no,5.0,4.0,3.0,1.0,2.0,1.0,2.0,16.0,15.0,16.0
66,GP,M,15.0,U,GT3,A,4.0,4.0,other,services,reputation,mother,1.0,4.0,0.0,no,yes,no,yes,no,yes,yes,yes,1.0,3.0,3.0,5.0,5.0,3.0,0.0,11.0,12.0,12.0
67,GP,F,16.0,U,GT3,T,3.0,1.0,services,other,course,mother,1.0,4.0,0.0,yes,yes,no,no,yes,yes,yes,no,4.0,3.0,3.0,1.0,2.0,5.0,0.0,10.0,9.0,10.0
68,GP,F,15.0,R,LE3,T,2.0,2.0,health,services,reputation,mother,2.0,2.0,0.0,yes,yes,no,no,yes,yes,yes,no,4.0,1.0,3.0,1.0,3.0,4.0,0.0,11.0,10.0,11.0
69,GP,F,15.0,R,LE3,T,3.0,1.0,other,other,reputation,father,2.0,4.0,0.0,no,yes,no,no,no,yes,yes,no,4.0,4.0,2.0,2.0,3.0,3.0,6.0,15.0,15.0,15.0
70,GP,M,16.0,U,GT3,T,3.0,1.0,other,other,reputation,father,2.0,4.0,0.0,no,yes,no,no,yes,yes,yes,no,4.0,3.0,2.0,1.0,1.0,5.0,2.0,13.0,11.0,11.0
71,GP,M,15.0,U,GT3,T,4.0,2.0,other,other,course,mother,1.0,4.0,0.0,no,no,no,no,yes,yes,yes,no,3.0,3.0,3.0,1.0,1.0,3.0,0.0,11.0,9.0,10.0
72,GP,F,15.0,R,GT3,T,1.0,1.0,other,other,reputation,mother,1.0,2.0,0.0,yes,yes,no,no,no,yes,yes,yes,3.0,3.0,4.0,2.0,4.0,5.0,2.0,13.0,11.0,11.0
73,GP,M,16.0,U,GT3,T,3.0,1.0,other,other,reputation,mother,1.0,1.0,0.0,no,no,no,yes,yes,yes,no,no,5.0,3.0,2.0,2.0,2.0,5.0,0.0,13.0,13.0,14.0
74,GP,F,16.0,U,GT3,T,3.0,3.0,other,services,home,mother,1.0,2.0,0.0,yes,yes,no,yes,yes,yes,yes,no,4.0,3.0,3.0,2.0,4.0,5.0,4.0,11.0,11.0,11.0
75,GP,M,15.0,U,GT3,T,4.0,3.0,teacher,other,home,mother,1.0,2.0,0.0,no,yes,no,yes,yes,yes,yes,no,4.0,3.0,3.0,2.0,3.0,5.0,0.0,11.0,11.0,11.0
76,GP,M,15.0,U,GT3,T,4.0,0.0,teacher,other,course,mother,2.0,4.0,0.0,no,no,no,yes,yes,yes,yes,no,3.0,4.0,3.0,1.0,1.0,1.0,0.0,12.0,11.0,11.0
77,GP,F,16.0,U,GT3,T,2.0,2.0,other,other,reputation,mother,1.0,4.0,0.0,no,no,no,no,yes,yes,yes,yes,5.0,2.0,3.0,1.0,3.0,3.0,1.0,13.0,13.0,13.0
78,GP,M,17.0,U,GT3,T,2.0,1.0,other,other,home,mother,2.0,1.0,3.0,yes,yes,no,yes,yes,no,yes,no,4.0,5.0,1.0,1.0,1.0,3.0,0.0,9.0,9.0,10.0
79,GP,F,16.0,U,GT3,T,3.0,4.0,at_home,other,course,mother,1.0,2.0,0.0,no,yes,no,no,yes,yes,yes,no,2.0,4.0,3.0,1.0,2.0,3.0,14.0,12.0,11.0,11.0
80,GP,M,15.0,U,GT3,T,2.0,3.0,other,services,course,father,1.0,1.0,0.0,yes,yes,no,yes,no,yes,yes,yes,3.0,2.0,2.0,1.0,3.0,3.0,0.0,11.0,11.0,12.0
81,GP,M,15.0,U,GT3,T,2.0,3.0,other,other,home,mother,1.0,3.0,0.0,yes,no,no,no,no,yes,yes,no,5.0,3.0,2.0,1.0,2.0,5.0,2.0,10.0,9.0,9.0
82,GP,F,15.0,U,LE3,T,3.0,2.0,services,other,reputation,mother,1.0,2.0,0.0,no,yes,no,no,yes,yes,yes,no,4.0,4.0,4.0,1.0,1.0,5.0,4.0,12.0,11.0,11.0
83,GP,M,15.0,U,LE3,T,2.0,2.0,services,services,home,mother,2.0,2.0,0.0,no,no,yes,yes,yes,yes,yes,no,5.0,3.0,3.0,1.0,3.0,4.0,2.0,13.0,12.0,13.0
84,GP,F,15.0,U,GT3,T,1.0,1.0,other,other,home,father,1.0,2.0,0.0,no,yes,no,yes,no,yes,yes,no,4.0,3.0,2.0,2.0,3.0,4.0,2.0,13.0,12.0,12.0
85,GP,F,15.0,U,GT3,T,4.0,4.0,services,services,reputation,father,2.0,2.0,0.0,no,no,no,no,yes,yes,yes,yes,4.0,4.0,4.0,2.0,3.0,5.0,4.0,12.0,11.0,12.0
86,GP,F,16.0,U,LE3,T,2.0,2.0,at_home,other,course,mother,1.0,2.0,0.0,no,yes,no,no,yes,yes,no,no,4.0,3.0,4.0,1.0,2.0,2.0,6.0,13.0,11.0,11.0
87,GP,F,15.0,U,GT3,T,4.0,2.0,other,other,reputation,mother,1.0,3.0,0.0,no,yes,no,yes,yes,yes,yes,no,5.0,3.0,3.0,1.0,3.0,1.0,4.0,15.0,15.0,15.0
88,GP,M,16.0,U,GT3,T,2.0,2.0,services,other,reputation,father,2.0,2.0,0.0,no,no,no,yes,no,yes,yes,no,4.0,4.0,2.0,1.0,1.0,3.0,6.0,12.0,10.0,11.0
89,GP,M,16.0,U,LE3,A,4.0,4.0,teacher,health,reputation,mother,1.0,2.0,0.0,no,yes,no,no,yes,yes,no,no,4.0,1.0,3.0,3.0,5.0,5.0,6.0,9.0,9.0,10.0
90,GP,F,16.0,U,GT3,T,3.0,3.0,other,other,home,mother,1.0,3.0,0.0,no,yes,no,no,yes,yes,yes,yes,4.0,3.0,3.0,1.0,3.0,4.0,2.0,9.0,11.0,11.0
91,GP,F,15.0,U,GT3,T,4.0,3.0,services,other,reputation,mother,1.0,1.0,0.0,no,no,no,yes,yes,yes,yes,no,4.0,5.0,5.0,1.0,3.0,1.0,6.0,14.0,13.0,13.0
92,GP,F,16.0,U,LE3,T,3.0,1.0,other,other,home,father,1.0,2.0,0.0,yes,yes,no,no,yes,yes,no,no,3.0,3.0,3.0,2.0,3.0,2.0,0.0,12.0,13.0,12.0
93,GP,F,16.0,U,GT3,T,4.0,2.0,teacher,services,home,mother,2.0,2.0,0.0,no,yes,no,yes,yes,yes,yes,no,5.0,3.0,3.0,1.0,1.0,1.0,2.0,13.0,14.0,14.0
94,GP,M,15.0,U,LE3,T,2.0,2.0,services,health,reputation,mother,1.0,4.0,0.0,no,yes,no,yes,yes,yes,yes,no,4.0,3.0,4.0,1.0,1.0,4.0,2.0,11.0,12.0,12.0
95,GP,F,15.0,R,GT3,T,1.0,1.0,at_home,other,home,mother,2.0,4.0,0.0,yes,yes,yes,yes,yes,yes,yes,no,3.0,1.0,2.0,1.0,1.0,1.0,4.0,13.0,13.0,13.0
96,GP,M,16.0,R,GT3,T,4.0,3.0,services,other,reputation,mother,2.0,1.0,0.0,yes,yes,yes,yes,no,yes,yes,no,3.0,3.0,3.0,1.0,1.0,4.0,6.0,9.0,11.0,11.0
97,GP,F,16.0,U,GT3,T,2.0,1.0,other,other,course,mother,1.0,2.0,0.0,no,yes,no,no,yes,yes,no,yes,4.0,3.0,5.0,1.0,1.0,5.0,0.0,13.0,12.0,12.0
98,GP,F,16.0,U,GT3,T,4.0,4.0,other,other,reputation,mother,1.0,1.0,0.0,no,no,no,yes,no,yes,yes,no,5.0,3.0,4.0,1.0,2.0,1.0,4.0,12.0,13.0,13.0
99,GP,F,16.0,U,GT3,T,4.0,3.0,other,at_home,course,mother,1.0,3.0,0.0,yes,yes,no,no,yes,yes,yes,no,5.0,3.0,5.0,1.0,1.0,3.0,2.0,12.0,13.0,13.0
100,GP,M,16.0,U,GT3,T,4.0,4.0,services,services,other,mother,1.0,1.0,0.0,yes,yes,no,yes,yes,yes,yes,no,4.0,5.0,5.0,5.0,5.0,4.0,12.0,9.0,9.0,8.0
101,GP,M,16.0,U,GT3,T,4.0,4.0,services,teacher,other,father,1.0,3.0,0.0,no,yes,no,yes,yes,yes,yes,yes,4.0,4.0,3.0,1.0,1.0,4.0,0.0,16.0,16.0,16.0
102,GP,M,15.0,U,GT3,T,4.0,4.0,services,other,course,mother,1.0,1.0,0.0,no,yes,yes,yes,no,yes,yes,no,5.0,3.0,3.0,1.0,1.0,5.0,2.0,12.0,13.0,12.0
103,GP,F,15.0,U,GT3,T,3.0,2.0,services,other,home,mother,2.0,2.0,0.0,yes,yes,no,no,yes,yes,yes,no,4.0,3.0,5.0,1.0,1.0,2.0,16.0,11.0,10.0,10.0
104,GP,M,15.0,U,GT3,A,3.0,4.0,services,other,course,mother,1.0,2.0,0.0,no,yes,no,yes,yes,yes,yes,no,5.0,4.0,4.0,1.0,1.0,1.0,0.0,16.0,16.0,16.0
105,GP,F,15.0,U,GT3,A,3.0,3.0,other,health,reputation,father,1.0,4.0,0.0,yes,no,no,no,yes,yes,no,no,4.0,3.0,3.0,1.0,1.0,4.0,10.0,10.0,10.0,10.0
106,GP,F,15.0,U,GT3,T,2.0,2.0,other,other,course,mother,1.0,4.0,0.0,yes,yes,no,no,yes,yes,yes,no,5.0,1.0,2.0,1.0,1.0,3.0,4.0,10.0,10.0,10.0
107,GP,M,16.0,U,GT3,T,3.0,3.0,services,other,home,father,1.0,3.0,0.0,no,yes,no,yes,yes,yes,yes,no,5.0,3.0,3.0,1.0,1.0,5.0,4.0,13.0,14.0,14.0
108,GP,M,15.0,R,GT3,T,4.0,4.0,other,other,home,father,4.0,4.0,0.0,no,yes,no,yes,yes,yes,yes,yes,1.0,3.0,5.0,3.0,5.0,1.0,8.0,12.0,10.0,11.0
109,GP,F,16.0,U,LE3,T,4.0,4.0,health,health,other,mother,1.0,3.0,0.0,no,yes,no,yes,yes,yes,yes,yes,5.0,4.0,5.0,1.0,1.0,4.0,2.0,15.0,15.0,14.0
110,GP,M,15.0,U,LE3,A,4.0,4.0,teacher,teacher,course,mother,1.0,1.0,0.0,no,no,no,yes,yes,yes,yes,no,5.0,5.0,3.0,1.0,1.0,4.0,4.0,13.0,14.0,14.0
111,GP,F,16.0,R,GT3,T,3.0,3.0,services,other,reputation,father,1.0,3.0,0.0,yes,yes,no,yes,yes,yes,yes,no,4.0,1.0,2.0,1.0,1.0,2.0,4.0,11.0,11.0,11.0
112,GP,F,16.0,U,GT3,T,2.0,2.0,at_home,other,home,mother,1.0,2.0,1.0,yes,no,no,yes,yes,yes,yes,no,3.0,1.0,2.0,1.0,1.0,5.0,12.0,8.0,10.0,10.0
113,GP,M,15.0,U,LE3,T,4.0,2.0,teacher,other,course,mother,1.0,1.0,0.0,no,no,no,no,yes,yes,yes,no,3.0,5.0,2.0,1.0,1.0,3.0,10.0,18.0,17.0,18.0
114,GP,M,15.0,R,GT3,T,2.0,1.0,health,services,reputation,mother,1.0,2.0,0.0,no,no,no,yes,yes,yes,yes,yes,5.0,4.0,2.0,1.0,1.0,5.0,4.0,10.0,9.0,10.0
115,GP,M,16.0,U,GT3,T,4.0,4.0,teacher,teacher,course,father,1.0,2.0,0.0,no,yes,no,yes,yes,yes,yes,no,5.0,4.0,4.0,1.0,2.0,5.0,6.0,16.0,14.0,14.0
116,GP,M,15.0,U,GT3,T,4.0,4.0,other,teacher,reputation,father,2.0,2.0,0.0,no,yes,no,yes,yes,yes,no,no,4.0,4.0,3.0,1.0,1.0,2.0,4.0,16.0,15.0,16.0
117,GP,M,16.0,U,GT3,T,3.0,3.0,other,services,home,father,2.0,1.0,0.0,no,no,no,yes,yes,yes,yes,no,5.0,4.0,2.0,1.0,1.0,5.0,6.0,14.0,14.0,15.0
118,GP,M,17.0,R,GT3,T,1.0,3.0,other,other,course,father,3.0,2.0,1.0,no,yes,no,yes,yes,yes,yes,no,5.0,2.0,4.0,1.0,4.0,5.0,14.0,12.0,11.0,11.0
119,GP,M,15.0,U,GT3,T,3.0,4.0,other,other,reputation,father,1.0,1.0,0.0,no,no,no,no,yes,yes,yes,no,3.0,4.0,3.0,1.0,2.0,4.0,2.0,14.0,13.0,14.0
120,GP,F,15.0,U,GT3,T,1.0,2.0,at_home,services,course,mother,1.0,2.0,0.0,no,no,no,no,no,yes,yes,no,3.0,2.0,3.0,1.0,2.0,1.0,0.0,14.0,14.0,14.0
121,GP,M,15.0,U,GT3,T,2.0,2.0,services,services,home,father,1.0,4.0,0.0,no,yes,no,yes,yes,yes,yes,no,5.0,5.0,4.0,1.0,2.0,5.0,6.0,14.0,13.0,13.0
122,GP,F,16.0,U,LE3,T,2.0,4.0,other,health,course,father,2.0,2.0,0.0,no,yes,no,yes,yes,yes,yes,yes,4.0,2.0,2.0,1.0,2.0,5.0,2.0,14.0,12.0,13.0
123,GP,M,16.0,U,GT3,T,4.0,4.0,health,other,course,mother,1.0,1.0,0.0,no,yes,no,yes,yes,yes,yes,no,3.0,4.0,4.0,1.0,4.0,5.0,4.0,12.0,13.0,13.0
124,GP,F,16.0,U,GT3,T,2.0,2.0,other,other,home,mother,1.0,2.0,0.0,no,no,no,no,yes,yes,yes,yes,5.0,4.0,4.0,1.0,1.0,5.0,0.0,12.0,11.0,11.0
125,GP,M,15.0,U,GT3,T,3.0,4.0,services,services,home,father,1.0,1.0,0.0,yes,no,no,no,yes,yes,yes,no,5.0,5.0,5.0,3.0,2.0,5.0,2.0,9.0,9.0,9.0
126,GP,F,15.0,U,LE3,A,3.0,4.0,other,other,home,mother,1.0,2.0,0.0,yes,no,no,yes,yes,yes,yes,yes,5.0,3.0,2.0,1.0,1.0,1.0,0.0,10.0,11.0,11.0
127,GP,F,19.0,U,GT3,T,0.0,1.0,at_home,other,course,other,1.0,2.0,2.0,no,yes,no,no,no,no,no,no,3.0,4.0,2.0,1.0,1.0,5.0,0.0,9.0,10.0,11.0
128,GP,M,16.0,R,GT3,T,4.0,4.0,teacher,teacher,course,mother,1.0,1.0,0.0,no,no,no,yes,yes,yes,yes,no,3.0,5.0,5.0,2.0,5.0,4.0,8.0,14.0,14.0,15.0
129,GP,M,16.0,U,GT3,T,2.0,3.0,other,other,course,mother,2.0,3.0,0.0,no,yes,no,no,no,yes,yes,yes,3.0,2.0,3.0,2.0,2.0,1.0,4.0,13.0,12.0,13.0
130,GP,F,15.0,R,GT3,T,3.0,4.0,services,teacher,course,father,2.0,3.0,0.0,no,yes,no,no,yes,yes,yes,yes,4.0,2.0,2.0,2.0,2.0,5.0,0.0,10.0,11.0,12.0
131,GP,F,18.0,U,GT3,T,2.0,1.0,services,other,reputation,mother,1.0,2.0,3.0,no,yes,no,yes,yes,no,yes,yes,5.0,4.0,5.0,1.0,3.0,5.0,10.0,10.0,9.0,8.0
132,GP,F,17.0,U,LE3,A,2.0,1.0,other,other,course,mother,3.0,1.0,0.0,no,yes,no,no,yes,yes,yes,no,3.0,2.0,2.0,1.0,2.0,5.0,8.0,11.0,10.0,11.0
133,GP,F,15.0,U,GT3,T,1.0,1.0,at_home,other,course,mother,3.0,1.0,0.0,no,yes,no,yes,no,yes,yes,yes,4.0,3.0,3.0,1.0,2.0,4.0,6.0,11.0,12.0,13.0
134,GP,F,17.0,U,LE3,T,2.0,2.0,other,other,course,father,1.0,1.0,0.0,no,yes,no,no,yes,yes,yes,yes,3.0,4.0,4.0,1.0,3.0,5.0,2.0,13.0,12.0,12.0
135,GP,F,16.0,U,GT3,A,3.0,4.0,services,other,course,father,1.0,1.0,0.0,no,no,no,no,yes,yes,yes,no,3.0,2.0,1.0,1.0,4.0,5.0,12.0,15.0,13.0,14.0
136,GP,M,16.0,U,GT3,T,2.0,1.0,at_home,other,course,mother,4.0,1.0,0.0,no,no,no,no,yes,yes,no,no,3.0,2.0,1.0,1.0,1.0,2.0,4.0,9.0,9.0,11.0
137,GP,F,16.0,U,GT3,A,2.0,2.0,other,other,home,mother,1.0,1.0,1.0,no,no,no,no,yes,yes,no,no,5.0,3.0,4.0,1.0,1.0,5.0,12.0,13.0,11.0,11.0
138,GP,M,15.0,R,GT3,T,3.0,4.0,at_home,teacher,course,mother,4.0,2.0,0.0,no,yes,no,no,yes,yes,no,yes,5.0,3.0,3.0,1.0,1.0,5.0,2.0,12.0,11.0,11.0
139,GP,F,15.0,U,GT3,T,4.0,4.0,services,at_home,course,mother,1.0,3.0,0.0,no,yes,no,yes,yes,yes,yes,yes,4.0,3.0,3.0,1.0,1.0,5.0,4.0,13.0,14.0,15.0
140,GP,M,17.0,R,GT3,T,3.0,4.0,at_home,other,course,mother,3.0,2.0,0.0,no,no,no,no,yes,yes,no,no,5.0,4.0,5.0,2.0,4.0,5.0,2.0,10.0,9.0,10.0
141,GP,F,16.0,R,GT3,T,1.0,1.0,at_home,other,course,mother,4.0,2.0,0.0,no,yes,no,no,yes,yes,no,no,5.0,1.0,3.0,1.0,1.0,3.0,0.0,14.0,13.0,13.0
142,GP,M,18.0,U,LE3,T,3.0,1.0,services,services,course,mother,2.0,1.0,0.0,no,no,no,yes,yes,yes,yes,yes,3.0,3.0,4.0,4.0,5.0,4.0,2.0,11.0,11.0,12.0
143,GP,F,18.0,U,GT3,A,3.0,2.0,other,services,course,other,1.0,3.0,0.0,no,yes,no,yes,no,yes,yes,yes,4.0,3.0,3.0,5.0,1.0,5.0,10.0,12.0,11.0,11.0
144,GP,F,16.0,R,GT3,T,1.0,1.0,other,services,reputation,mother,2.0,1.0,0.0,no,yes,no,yes,yes,yes,no,yes,3.0,3.0,3.0,1.0,2.0,1.0,8.0,12.0,11.0,11.0
145,GP,F,16.0,U,GT3,A,3.0,3.0,other,other,course,other,2.0,1.0,0.0,no,yes,no,yes,no,yes,yes,yes,4.0,3.0,2.0,1.0,1.0,5.0,4.0,9.0,9.0,10.0
146,GP,M,16.0,U,LE3,T,1.0,1.0,services,other,course,mother,1.0,2.0,2.0,no,no,no,no,yes,yes,no,yes,4.0,4.0,4.0,1.0,3.0,5.0,0.0,10.0,10.0,10.0
147,GP,F,15.0,U,GT3,T,4.0,4.0,teacher,teacher,course,mother,2.0,1.0,0.0,no,no,no,yes,yes,yes,yes,no,4.0,3.0,2.0,1.0,1.0,5.0,6.0,13.0,14.0,14.0
148,GP,F,15.0,R,GT3,T,1.0,1.0,other,other,course,mother,3.0,1.0,1.0,no,no,no,yes,yes,yes,yes,yes,5.0,5.0,5.0,1.0,1.0,1.0,2.0,8.0,9.0,9.0
149,GP,M,15.0,U,GT3,T,4.0,3.0,teacher,services,course,father,2.0,4.0,0.0,yes,yes,no,no,yes,yes,yes,no,2.0,2.0,2.0,1.0,1.0,3.0,6.0,9.0,11.0,11.0
150,GP,F,15.0,U,GT3,A,3.0,3.0,services,services,home,mother,1.0,2.0,0.0,no,no,no,no,no,yes,no,yes,1.0,3.0,2.0,2.0,3.0,1.0,24.0,9.0,8.0,9.0
151,GP,M,16.0,U,GT3,T,4.0,4.0,services,services,course,mother,1.0,3.0,0.0,no,yes,no,yes,yes,yes,yes,no,5.0,3.0,3.0,1.0,3.0,5.0,0.0,15.0,13.0,13.0
152,GP,M,16.0,U,LE3,T,2.0,2.0,services,services,reputation,father,2.0,1.0,0.0,no,yes,no,yes,yes,yes,yes,no,2.0,3.0,3.0,2.0,2.0,2.0,4.0,12.0,11.0,11.0
153,GP,F,15.0,U,GT3,T,4.0,4.0,teacher,services,course,mother,1.0,3.0,0.0,no,yes,no,yes,yes,yes,yes,no,4.0,2.0,2.0,1.0,1.0,5.0,2.0,13.0,13.0,13.0
154,GP,F,16.0,U,LE3,T,1.0,1.0,at_home,at_home,course,mother,1.0,1.0,0.0,no,no,no,no,yes,yes,yes,no,3.0,4.0,4.0,3.0,3.0,1.0,4.0,10.0,11.0,11.0
155,GP,M,17.0,U,GT3,T,2.0,1.0,other,other,home,mother,1.0,1.0,0.0,no,yes,no,no,yes,yes,yes,no,5.0,4.0,5.0,1.0,2.0,5.0,22.0,9.0,7.0,6.0
156,GP,F,15.0,U,GT3,T,1.0,1.0,other,services,course,father,1.0,2.0,0.0,no,yes,no,no,yes,yes,yes,no,4.0,4.0,2.0,1.0,2.0,5.0,0.0,12.0,12.0,12.0
157,GP,F,15.0,U,LE3,A,2.0,1.0,at_home,other,home,mother,2.0,1.0,0.0,no,yes,no,yes,yes,no,yes,yes,4.0,4.0,2.0,1.0,1.0,5.0,0.0,11.0,10.0,10.0
158,GP,F,15.0,U,GT3,T,3.0,2.0,health,services,home,father,1.0,2.0,1.0,no,yes,no,no,yes,yes,yes,no,3.0,3.0,2.0,1.0,1.0,3.0,2.0,11.0,11.0,11.0
159,GP,F,15.0,U,GT3,T,1.0,2.0,at_home,other,course,mother,1.0,2.0,0.0,no,yes,no,no,no,yes,yes,no,4.0,3.0,2.0,1.0,1.0,5.0,6.0,13.0,12.0,13.0
160,GP,F,15.0,U,GT3,T,1.0,2.0,at_home,services,course,father,1.0,2.0,0.0,no,no,no,no,no,yes,no,yes,2.0,3.0,4.0,2.0,4.0,1.0,6.0,11.0,11.0,11.0
161,GP,M,16.0,U,GT3,T,4.0,4.0,teacher,teacher,course,mother,1.0,1.0,0.0,no,yes,no,no,yes,no,yes,yes,3.0,3.0,2.0,2.0,1.0,5.0,16.0,9.0,9.0,8.0
162,GP,M,15.0,U,LE3,A,2.0,1.0,services,other,course,mother,4.0,1.0,0.0,no,no,no,no,yes,yes,yes,no,4.0,5.0,5.0,2.0,5.0,5.0,0.0,12.0,11.0,11.0
163,GP,M,18.0,U,LE3,T,1.0,1.0,other,other,course,mother,1.0,1.0,2.0,no,no,no,no,yes,no,yes,yes,2.0,3.0,5.0,2.0,5.0,4.0,0.0,11.0,9.0,0.0
164,GP,M,16.0,U,LE3,T,2.0,1.0,at_home,other,course,mother,1.0,1.0,1.0,no,no,no,yes,yes,yes,no,yes,4.0,4.0,4.0,3.0,5.0,5.0,6.0,9.0,10.0,10.0
165,GP,F,15.0,R,GT3,T,3.0,3.0,services,services,reputation,other,2.0,3.0,0.0,no,yes,yes,yes,yes,yes,yes,yes,4.0,2.0,1.0,2.0,3.0,3.0,2.0,13.0,13.0,13.0
166,GP,M,19.0,U,GT3,T,3.0,2.0,services,at_home,home,mother,1.0,1.0,0.0,no,yes,no,no,yes,no,yes,yes,4.0,5.0,4.0,1.0,1.0,4.0,6.0,11.0,9.0,11.0
167,GP,F,17.0,U,GT3,T,4.0,4.0,other,teacher,course,mother,1.0,1.0,0.0,yes,yes,no,no,yes,yes,no,yes,4.0,2.0,1.0,1.0,1.0,4.0,0.0,13.0,13.0,13.0
168,GP,M,15.0,R,GT3,T,2.0,3.0,at_home,services,course,mother,1.0,2.0,0.0,yes,no,yes,yes,yes,yes,no,no,4.0,4.0,4.0,1.0,1.0,1.0,0.0,7.0,8.0,8.0
169,GP,M,17.0,R,LE3,T,1.0,2.0,other,other,reputation,mother,1.0,1.0,3.0,no,no,no,no,yes,yes,no,no,2.0,2.0,2.0,3.0,3.0,5.0,14.0,9.0,8.0,10.0
170,GP,F,18.0,R,GT3,T,1.0,1.0,at_home,other,course,mother,3.0,1.0,3.0,no,yes,no,yes,no,yes,no,no,5.0,2.0,5.0,1.0,5.0,4.0,6.0,11.0,10.0,11.0
171,GP,M,16.0,R,GT3,T,2.0,2.0,at_home,other,course,mother,3.0,1.0,0.0,no,no,no,no,no,yes,no,no,4.0,2.0,2.0,1.0,2.0,3.0,4.0,12.0,10.0,11.0
172,GP,M,16.0,U,GT3,T,3.0,3.0,other,services,course,father,1.0,2.0,1.0,no,yes,no,no,yes,yes,yes,yes,4.0,5.0,5.0,4.0,4.0,5.0,0.0,10.0,10.0,1.0
173,GP,M,16.0,U,LE3,T,1.0,2.0,health,services,course,mother,2.0,1.0,2.0,no,no,no,no,no,yes,yes,no,4.0,4.0,5.0,3.0,5.0,5.0,0.0,9.0,8.0,10.0
174,GP,M,17.0,R,LE3,T,2.0,1.0,at_home,other,course,mother,2.0,1.0,1.0,no,no,yes,yes,yes,no,yes,yes,3.0,3.0,2.0,2.0,2.0,5.0,8.0,8.0,8.0,9.0
175,GP,M,17.0,R,GT3,T,3.0,2.0,other,other,course,mother,2.0,2.0,2.0,yes,yes,no,no,yes,yes,yes,yes,4.0,4.0,4.0,1.0,4.0,3.0,4.0,7.0,6.0,8.0
176,GP,M,15.0,U,LE3,T,1.0,2.0,other,other,course,mother,2.0,1.0,0.0,no,no,no,yes,yes,yes,no,no,4.0,4.0,4.0,2.0,4.0,5.0,2.0,8.0,9.0,10.0
177,GP,M,16.0,U,GT3,T,1.0,3.0,at_home,services,course,father,1.0,1.0,1.0,no,no,no,no,yes,no,yes,no,5.0,3.0,3.0,1.0,4.0,2.0,2.0,9.0,8.0,8.0
178,GP,M,17.0,R,LE3,T,1.0,1.0,other,services,course,mother,4.0,2.0,0.0,no,no,no,yes,yes,no,no,yes,5.0,3.0,5.0,1.0,5.0,5.0,0.0,8.0,8.0,8.0
179,GP,M,17.0,U,GT3,T,3.0,2.0,services,services,course,mother,2.0,1.0,3.0,no,yes,no,yes,no,no,no,no,4.0,5.0,2.0,1.0,1.0,2.0,10.0,8.0,7.0,8.0
180,GP,M,16.0,U,GT3,T,2.0,2.0,other,other,course,father,1.0,2.0,0.0,no,no,no,no,yes,no,yes,no,4.0,3.0,5.0,2.0,4.0,4.0,0.0,9.0,10.0,11.0
181,GP,F,16.0,U,GT3,T,4.0,2.0,health,services,home,father,1.0,2.0,0.0,no,no,no,no,yes,yes,yes,yes,4.0,2.0,3.0,1.0,1.0,3.0,0.0,17.0,17.0,18.0
182,GP,F,16.0,U,GT3,T,2.0,2.0,other,other,home,mother,1.0,2.0,0.0,no,yes,no,no,no,yes,yes,no,5.0,1.0,5.0,1.0,1.0,4.0,0.0,12.0,12.0,13.0
183,GP,F,16.0,U,GT3,T,4.0,4.0,health,health,reputation,mother,1.0,2.0,0.0,no,yes,no,no,yes,yes,yes,yes,4.0,4.0,2.0,1.0,1.0,3.0,0.0,16.0,16.0,17.0
184,GP,M,16.0,U,GT3,T,3.0,4.0,other,other,course,father,3.0,1.0,1.0,no,yes,no,yes,no,yes,yes,no,3.0,4.0,5.0,2.0,4.0,2.0,4.0,9.0,9.0,10.0
185,GP,M,16.0,U,GT3,T,1.0,0.0,other,other,reputation,mother,2.0,2.0,0.0,no,yes,no,yes,yes,yes,yes,yes,4.0,3.0,2.0,1.0,1.0,3.0,0.0,16.0,17.0,18.0
186,GP,M,17.0,U,LE3,T,4.0,4.0,teacher,other,reputation,mother,1.0,2.0,0.0,no,yes,no,yes,yes,yes,yes,no,4.0,4.0,4.0,1.0,3.0,5.0,0.0,11.0,9.0,10.0
187,GP,F,16.0,U,GT3,T,1.0,3.0,at_home,services,home,mother,1.0,2.0,0.0,no,no,no,yes,no,yes,yes,yes,4.0,3.0,5.0,1.0,1.0,3.0,0.0,14.0,13.0,13.0
188,GP,F,16.0,U,LE3,T,3.0,3.0,other,other,reputation,mother,2.0,2.0,0.0,no,yes,no,yes,yes,yes,yes,no,4.0,4.0,5.0,1.0,1.0,4.0,0.0,14.0,14.0,15.0
189,GP,M,17.0,U,LE3,T,4.0,3.0,teacher,other,course,mother,2.0,2.0,0.0,no,no,no,yes,yes,yes,yes,no,4.0,4.0,4.0,4.0,4.0,4.0,0.0,10.0,11.0,11.0
190,GP,F,16.0,U,GT3,T,2.0,2.0,services,other,reputation,mother,2.0,2.0,0.0,no,no,no,yes,no,yes,yes,no,3.0,4.0,4.0,1.0,4.0,5.0,0.0,13.0,12.0,14.0
191,GP,M,17.0,U,GT3,T,3.0,3.0,other,other,reputation,father,1.0,2.0,0.0,no,no,no,yes,no,yes,yes,no,4.0,3.0,4.0,1.0,4.0,4.0,4.0,11.0,9.0,10.0
192,GP,M,16.0,R,GT3,T,4.0,2.0,teacher,services,other,mother,1.0,1.0,0.0,no,yes,no,yes,yes,yes,yes,yes,4.0,3.0,3.0,3.0,4.0,3.0,8.0,10.0,9.0,11.0
193,GP,M,17.0,U,GT3,T,4.0,3.0,other,other,course,mother,1.0,2.0,0.0,no,yes,yes,yes,yes,yes,yes,yes,5.0,2.0,3.0,1.0,1.0,2.0,4.0,11.0,11.0,13.0
194,GP,M,16.0,U,GT3,T,4.0,3.0,teacher,other,home,mother,1.0,2.0,0.0,no,yes,yes,yes,yes,yes,yes,no,3.0,4.0,3.0,2.0,3.0,3.0,4.0,11.0,10.0,11.0
195,GP,M,16.0,U,GT3,T,3.0,3.0,services,other,home,mother,1.0,2.0,0.0,no,no,no,yes,yes,yes,yes,yes,4.0,2.0,3.0,1.0,2.0,3.0,0.0,11.0,12.0,13.0
196,GP,F,17.0,U,GT3,T,2.0,4.0,services,services,reputation,father,1.0,2.0,0.0,no,yes,no,yes,yes,yes,no,no,5.0,4.0,2.0,2.0,3.0,5.0,0.0,17.0,18.0,17.0
197,GP,F,17.0,U,LE3,T,3.0,3.0,other,other,reputation,mother,1.0,2.0,0.0,no,yes,no,yes,yes,yes,yes,yes,5.0,3.0,3.0,2.0,3.0,1.0,32.0,14.0,13.0,14.0
198,GP,F,16.0,U,GT3,T,3.0,2.0,other,other,reputation,mother,1.0,2.0,0.0,no,yes,no,no,yes,yes,yes,no,1.0,2.0,2.0,1.0,2.0,1.0,8.0,14.0,15.0,16.0
199,GP,M,17.0,U,GT3,T,3.0,3.0,services,services,other,mother,1.0,2.0,0.0,no,yes,no,yes,yes,yes,yes,yes,4.0,3.0,4.0,2.0,3.0,4.0,6.0,11.0,13.0,14.0
200,GP,M,16.0,U,GT3,T,1.0,2.0,services,services,other,mother,1.0,1.0,0.0,no,yes,no,yes,yes,yes,yes,yes,3.0,3.0,3.0,1.0,2.0,3.0,0.0,10.0,9.0,11.0
201,GP,M,16.0,U,LE3,T,2.0,1.0,other,other,course,mother,1.0,2.0,0.0,no,no,no,yes,yes,yes,yes,yes,4.0,2.0,3.0,1.0,2.0,5.0,0.0,13.0,14.0,16.0
202,GP,F,17.0,U,GT3,A,3.0,3.0,health,other,reputation,mother,1.0,2.0,0.0,no,yes,no,no,no,yes,yes,yes,3.0,3.0,3.0,1.0,3.0,3.0,10.0,12.0,13.0,14.0
203,GP,M,17.0,R,GT3,T,1.0,2.0,at_home,other,home,mother,1.0,2.0,0.0,no,no,no,no,yes,yes,no,no,3.0,1.0,3.0,1.0,5.0,3.0,6.0,9.0,9.0,10.0
204,GP,F,16.0,U,GT3,T,2.0,3.0,services,services,course,mother,1.0,2.0,0.0,no,no,no,no,yes,yes,yes,no,4.0,3.0,3.0,1.0,1.0,2.0,6.0,12.0,12.0,13.0
205,GP,F,17.0,U,GT3,T,1.0,1.0,at_home,services,course,mother,1.0,2.0,0.0,no,no,no,yes,yes,yes,yes,no,5.0,3.0,3.0,1.0,1.0,3.0,0.0,12.0,11.0,12.0
206,GP,M,17.0,U,GT3,T,1.0,2.0,at_home,services,other,other,2.0,2.0,0.0,no,no,no,yes,no,yes,yes,no,4.0,4.0,4.0,4.0,5.0,5.0,16.0,10.0,11.0,12.0
207,GP,M,16.0,R,GT3,T,3.0,3.0,services,services,reputation,mother,1.0,1.0,0.0,no,yes,no,yes,yes,yes,yes,no,4.0,3.0,2.0,3.0,4.0,5.0,0.0,11.0,10.0,10.0
208,GP,M,16.0,U,GT3,T,2.0,3.0,other,other,home,father,2.0,1.0,0.0,no,no,no,no,yes,yes,yes,no,5.0,3.0,3.0,1.0,1.0,3.0,0.0,13.0,12.0,12.0
209,GP,F,17.0,U,LE3,T,2.0,4.0,services,services,course,father,1.0,2.0,0.0,no,no,no,yes,yes,yes,yes,yes,4.0,3.0,2.0,1.0,1.0,5.0,8.0,14.0,15.0,16.0
210,GP,M,17.0,U,GT3,T,4.0,4.0,services,teacher,home,mother,1.0,1.0,0.0,no,no,no,no,yes,yes,yes,no,5.0,2.0,3.0,1.0,2.0,5.0,4.0,13.0,13.0,14.0
211,GP,M,16.0,R,LE3,T,3.0,3.0,teacher,other,home,father,3.0,1.0,0.0,no,yes,no,yes,yes,yes,yes,no,3.0,3.0,4.0,3.0,5.0,3.0,16.0,10.0,11.0,12.0
212,GP,F,17.0,U,GT3,T,4.0,4.0,services,teacher,home,mother,2.0,1.0,1.0,no,yes,no,no,yes,yes,yes,no,4.0,2.0,4.0,2.0,3.0,2.0,30.0,14.0,15.0,16.0
213,GP,F,16.0,U,LE3,T,4.0,4.0,teacher,teacher,reputation,mother,1.0,2.0,0.0,no,yes,no,no,yes,yes,yes,no,4.0,5.0,2.0,1.0,2.0,3.0,0.0,11.0,10.0,11.0
214,GP,F,16.0,U,GT3,T,4.0,3.0,health,other,home,mother,1.0,2.0,0.0,no,yes,no,yes,yes,yes,yes,no,4.0,3.0,5.0,1.0,5.0,2.0,2.0,14.0,14.0,15.0
215,GP,F,16.0,U,GT3,T,2.0,3.0,other,other,reputation,mother,1.0,2.0,0.0,yes,yes,no,yes,yes,yes,no,no,4.0,4.0,3.0,1.0,3.0,4.0,4.0,11.0,12.0,12.0
216,GP,F,17.0,U,GT3,T,1.0,1.0,other,other,course,mother,1.0,2.0,0.0,no,yes,no,no,no,yes,no,no,4.0,4.0,4.0,1.0,3.0,1.0,0.0,14.0,15.0,15.0
217,GP,F,17.0,R,GT3,T,2.0,2.0,other,other,reputation,mother,1.0,1.0,0.0,no,yes,no,no,yes,yes,yes,no,5.0,3.0,2.0,1.0,2.0,3.0,21.0,13.0,13.0,13.0
218,GP,F,16.0,R,GT3,T,2.0,2.0,services,services,reputation,mother,2.0,4.0,0.0,no,yes,no,yes,no,yes,yes,no,5.0,3.0,5.0,1.0,1.0,5.0,6.0,13.0,13.0,13.0
219,GP,F,17.0,U,GT3,T,3.0,4.0,at_home,services,home,mother,1.0,3.0,1.0,no,yes,yes,no,yes,yes,yes,yes,4.0,4.0,3.0,3.0,4.0,5.0,14.0,8.0,9.0,8.0
220,GP,F,16.0,U,GT3,A,3.0,1.0,services,other,course,mother,1.0,2.0,0.0,no,yes,no,no,yes,yes,yes,no,2.0,3.0,3.0,2.0,2.0,4.0,2.0,11.0,11.0,12.0
221,GP,F,16.0,U,GT3,T,4.0,3.0,teacher,other,other,mother,1.0,2.0,0.0,no,no,no,yes,yes,yes,yes,yes,1.0,3.0,2.0,1.0,1.0,1.0,4.0,14.0,15.0,15.0
222,GP,F,16.0,U,GT3,T,1.0,1.0,at_home,other,home,mother,2.0,1.0,0.0,no,yes,no,no,yes,yes,no,no,4.0,3.0,2.0,1.0,4.0,5.0,2.0,12.0,13.0,13.0
223,GP,F,17.0,R,GT3,T,4.0,3.0,teacher,other,reputation,mother,2.0,3.0,0.0,no,yes,no,yes,yes,yes,yes,yes,4.0,4.0,2.0,1.0,1.0,4.0,0.0,11.0,12.0,12.0
224,GP,F,19.0,U,GT3,T,3.0,3.0,other,other,reputation,other,1.0,4.0,0.0,no,yes,no,yes,yes,yes,yes,no,4.0,3.0,3.0,1.0,2.0,3.0,4.0,12.0,12.0,12.0
225,GP,M,17.0,U,LE3,T,4.0,4.0,services,other,home,mother,1.0,2.0,0.0,no,yes,no,no,yes,yes,yes,yes,5.0,3.0,5.0,4.0,5.0,3.0,15.0,13.0,12.0,12.0
226,GP,F,16.0,U,GT3,A,2.0,2.0,other,other,reputation,mother,1.0,2.0,0.0,yes,yes,no,no,yes,yes,yes,no,3.0,3.0,4.0,1.0,1.0,4.0,0.0,13.0,13.0,13.0
227,GP,M,18.0,U,GT3,T,2.0,2.0,services,other,home,mother,1.0,2.0,0.0,no,yes,no,yes,yes,yes,yes,no,4.0,4.0,4.0,2.0,4.0,5.0,10.0,12.0,11.0,11.0
228,GP,F,17.0,R,LE3,T,4.0,4.0,services,other,other,mother,1.0,1.0,0.0,no,yes,no,no,yes,yes,no,no,5.0,2.0,1.0,1.0,2.0,3.0,6.0,12.0,11.0,11.0
229,GP,F,17.0,U,LE3,T,3.0,2.0,other,other,reputation,mother,2.0,2.0,0.0,no,no,no,no,yes,yes,yes,no,4.0,4.0,4.0,1.0,3.0,1.0,2.0,14.0,16.0,15.0
230,GP,F,17.0,U,GT3,T,4.0,3.0,other,other,reputation,mother,1.0,2.0,0.0,no,no,no,no,yes,yes,yes,yes,3.0,4.0,5.0,2.0,4.0,1.0,16.0,11.0,9.0,10.0
231,GP,M,18.0,U,LE3,T,3.0,3.0,services,health,home,father,1.0,2.0,0.0,no,yes,no,no,yes,yes,yes,no,3.0,2.0,4.0,2.0,4.0,4.0,10.0,10.0,10.0,10.0
232,GP,F,17.0,U,GT3,T,2.0,3.0,at_home,other,home,father,2.0,1.0,0.0,no,yes,no,no,yes,yes,no,no,3.0,3.0,3.0,1.0,4.0,3.0,4.0,12.0,13.0,13.0
233,GP,F,17.0,U,GT3,T,2.0,2.0,at_home,at_home,course,mother,1.0,3.0,0.0,no,yes,no,yes,yes,yes,yes,no,4.0,3.0,3.0,1.0,1.0,4.0,0.0,12.0,12.0,13.0
234,GP,F,17.0,R,GT3,T,2.0,1.0,at_home,services,reputation,mother,2.0,2.0,0.0,no,yes,no,yes,yes,yes,yes,no,4.0,2.0,5.0,1.0,2.0,5.0,0.0,11.0,10.0,11.0
235,GP,F,17.0,U,GT3,T,1.0,1.0,at_home,other,reputation,mother,1.0,3.0,0.0,no,yes,no,yes,yes,yes,no,yes,4.0,3.0,4.0,1.0,1.0,5.0,12.0,12.0,12.0,12.0
236,GP,F,16.0,U,GT3,T,2.0,3.0,services,teacher,other,mother,1.0,2.0,0.0,yes,no,no,no,yes,yes,yes,no,2.0,3.0,1.0,1.0,1.0,3.0,0.0,13.0,13.0,14.0
237,GP,M,18.0,U,GT3,T,2.0,2.0,other,other,home,mother,2.0,2.0,3.0,no,yes,yes,no,yes,yes,yes,no,3.0,3.0,3.0,5.0,5.0,4.0,9.0,10.0,9.0,10.0
238,GP,F,16.0,U,GT3,T,4.0,4.0,teacher,services,home,mother,1.0,3.0,0.0,no,yes,no,yes,no,yes,yes,no,5.0,3.0,2.0,1.0,1.0,5.0,4.0,15.0,16.0,16.0
239,GP,F,18.0,R,GT3,T,3.0,1.0,other,other,reputation,mother,1.0,2.0,0.0,no,no,no,yes,yes,yes,yes,yes,5.0,3.0,3.0,1.0,1.0,4.0,4.0,8.0,8.0,8.0
240,GP,F,17.0,U,GT3,T,3.0,2.0,other,other,course,mother,1.0,2.0,0.0,no,no,no,yes,no,yes,yes,no,5.0,3.0,4.0,1.0,3.0,3.0,2.0,17.0,18.0,17.0
241,GP,M,17.0,U,LE3,T,2.0,3.0,services,services,reputation,father,1.0,2.0,0.0,no,yes,no,no,no,yes,yes,no,5.0,3.0,3.0,1.0,3.0,3.0,0.0,10.0,11.0,11.0
242,GP,M,18.0,U,LE3,T,2.0,1.0,at_home,other,course,mother,4.0,2.0,0.0,yes,yes,no,yes,yes,yes,yes,yes,4.0,3.0,2.0,4.0,5.0,3.0,2.0,9.0,10.0,11.0
243,GP,F,17.0,U,GT3,A,2.0,1.0,other,other,course,mother,2.0,3.0,0.0,no,no,no,yes,yes,yes,yes,yes,3.0,2.0,3.0,1.0,2.0,3.0,0.0,15.0,15.0,16.0
244,GP,F,17.0,U,LE3,T,4.0,3.0,health,other,reputation,father,1.0,2.0,0.0,no,no,no,yes,yes,yes,yes,yes,3.0,2.0,3.0,1.0,2.0,3.0,0.0,14.0,12.0,12.0
245,GP,M,17.0,R,GT3,T,2.0,2.0,other,other,course,father,2.0,2.0,0.0,no,yes,no,yes,yes,yes,yes,no,4.0,5.0,2.0,1.0,1.0,1.0,0.0,12.0,13.0,13.0
246,GP,M,17.0,U,GT3,T,4.0,4.0,teacher,teacher,reputation,mother,1.0,2.0,0.0,yes,yes,no,yes,yes,yes,yes,yes,4.0,5.0,5.0,1.0,3.0,2.0,0.0,13.0,13.0,13.0
247,GP,M,16.0,U,GT3,T,4.0,4.0,health,other,reputation,father,1.0,2.0,0.0,no,yes,no,yes,yes,yes,yes,no,4.0,2.0,4.0,2.0,4.0,1.0,0.0,13.0,13.0,14.0
248,GP,M,16.0,U,LE3,T,1.0,1.0,other,other,home,mother,2.0,2.0,0.0,no,yes,no,no,yes,yes,yes,no,3.0,4.0,2.0,1.0,1.0,5.0,2.0,9.0,9.0,9.0
249,GP,M,16.0,U,GT3,T,3.0,2.0,at_home,other,reputation,mother,2.0,3.0,0.0,no,no,no,yes,yes,yes,yes,yes,5.0,3.0,3.0,1.0,3.0,2.0,0.0,12.0,12.0,12.0
250,GP,M,17.0,U,LE3,T,2.0,2.0,other,other,home,father,1.0,2.0,0.0,no,no,no,yes,no,yes,yes,yes,4.0,4.0,2.0,5.0,5.0,4.0,0.0,16.0,16.0,16.0
251,GP,F,16.0,U,GT3,T,2.0,1.0,other,other,home,mother,1.0,1.0,0.0,no,no,no,no,yes,yes,yes,yes,4.0,5.0,2.0,1.0,1.0,5.0,4.0,9.0,10.0,10.0
252,GP,F,16.0,U,GT3,A,4.0,1.0,other,other,home,mother,1.0,2.0,0.0,no,no,no,yes,yes,yes,yes,yes,5.0,3.0,3.0,1.0,2.0,5.0,0.0,14.0,13.0,13.0
253,GP,F,18.0,U,LE3,A,2.0,4.0,services,other,course,mother,2.0,2.0,1.0,no,yes,no,no,yes,yes,yes,no,4.0,3.0,3.0,1.0,1.0,3.0,18.0,10.0,10.0,10.0
254,GP,F,18.0,U,LE3,T,2.0,2.0,at_home,services,course,mother,1.0,2.0,1.0,no,yes,no,no,no,yes,yes,yes,5.0,3.0,1.0,1.0,1.0,5.0,16.0,9.0,8.0,10.0
255,GP,F,18.0,U,GT3,T,3.0,3.0,other,other,course,mother,2.0,1.0,1.0,no,no,no,no,yes,no,yes,no,4.0,1.0,1.0,1.0,1.0,3.0,14.0,8.0,7.0,7.0
256,GP,M,18.0,U,GT3,T,2.0,2.0,other,at_home,course,other,1.0,1.0,1.0,no,yes,no,yes,no,no,yes,yes,4.0,4.0,3.0,2.0,2.0,1.0,26.0,7.0,8.0,8.0
257,GP,M,17.0,U,GT3,T,4.0,4.0,teacher,teacher,course,mother,1.0,1.0,0.0,no,yes,no,yes,no,yes,yes,no,4.0,2.0,1.0,1.0,2.0,5.0,6.0,10.0,8.0,9.0
258,GP,F,17.0,U,GT3,T,3.0,2.0,other,other,course,father,1.0,2.0,0.0,no,no,no,yes,yes,yes,no,no,5.0,4.0,2.0,1.0,1.0,3.0,4.0,14.0,14.0,15.0
259,GP,F,17.0,U,LE3,T,1.0,1.0,at_home,at_home,course,mother,1.0,3.0,0.0,no,yes,no,yes,yes,yes,yes,yes,4.0,3.0,2.0,1.0,2.0,4.0,10.0,11.0,10.0,10.0
260,GP,F,16.0,U,GT3,T,1.0,2.0,other,other,course,mother,1.0,1.0,0.0,no,no,no,no,yes,no,yes,no,5.0,3.0,5.0,1.0,2.0,5.0,4.0,12.0,11.0,11.0
261,GP,F,17.0,R,GT3,T,2.0,1.0,at_home,services,course,mother,3.0,2.0,0.0,no,no,no,yes,yes,yes,no,no,2.0,1.0,1.0,1.0,1.0,3.0,2.0,13.0,13.0,13.0
262,GP,F,17.0,R,LE3,A,1.0,4.0,other,other,course,other,4.0,1.0,1.0,no,yes,no,no,yes,yes,yes,no,5.0,5.0,4.0,1.0,1.0,5.0,14.0,9.0,9.0,8.0
263,GP,M,18.0,U,GT3,T,2.0,2.0,other,services,reputation,father,1.0,2.0,0.0,no,no,no,no,yes,no,yes,no,5.0,5.0,4.0,3.0,5.0,2.0,16.0,8.0,7.0,8.0
264,GP,F,17.0,U,LE3,A,2.0,2.0,other,other,home,mother,1.0,1.0,1.0,no,yes,no,no,no,no,yes,no,3.0,1.0,2.0,1.0,1.0,1.0,8.0,11.0,9.0,10.0
265,GP,F,17.0,R,LE3,T,1.0,1.0,at_home,other,course,mother,2.0,3.0,0.0,no,no,no,yes,yes,yes,yes,no,4.0,3.0,3.0,1.0,3.0,5.0,4.0,15.0,14.0,15.0
266,GP,F,17.0,U,LE3,A,4.0,2.0,teacher,other,course,mother,1.0,2.0,0.0,no,yes,no,yes,yes,yes,no,no,4.0,3.0,2.0,1.0,1.0,4.0,4.0,15.0,14.0,14.0
267,GP,M,17.0,U,LE3,T,4.0,3.0,health,other,course,mother,2.0,2.0,0.0,no,no,no,yes,yes,yes,yes,yes,2.0,5.0,5.0,1.0,4.0,5.0,8.0,15.0,15.0,15.0
268,GP,M,17.0,R,LE3,A,4.0,4.0,teacher,other,course,mother,2.0,2.0,0.0,no,yes,no,no,yes,yes,yes,no,3.0,3.0,3.0,2.0,3.0,4.0,0.0,12.0,12.0,12.0
269,GP,M,16.0,U,LE3,T,4.0,3.0,teacher,other,course,mother,1.0,1.0,0.0,no,no,no,yes,no,yes,yes,no,5.0,4.0,5.0,1.0,1.0,3.0,7.0,14.0,14.0,15.0
270,GP,M,16.0,U,GT3,T,4.0,4.0,services,services,course,mother,1.0,1.0,0.0,no,no,yes,yes,yes,yes,yes,no,5.0,3.0,2.0,1.0,2.0,5.0,4.0,14.0,15.0,15.0
271,GP,F,17.0,U,GT3,T,4.0,4.0,teacher,services,course,mother,1.0,2.0,0.0,no,yes,yes,no,yes,yes,yes,yes,5.0,3.0,1.0,1.0,4.0,5.0,2.0,11.0,11.0,12.0
272,GP,M,17.0,R,GT3,T,1.0,1.0,other,other,home,father,2.0,3.0,0.0,no,no,no,no,no,yes,yes,yes,4.0,3.0,3.0,1.0,1.0,1.0,2.0,13.0,14.0,15.0
273,GP,F,17.0,U,GT3,T,3.0,3.0,services,other,home,mother,2.0,3.0,0.0,no,yes,no,no,yes,yes,yes,yes,4.0,2.0,2.0,2.0,3.0,5.0,10.0,11.0,11.0,11.0
274,GP,F,17.0,U,GT3,T,1.0,1.0,at_home,other,course,mother,1.0,2.0,0.0,yes,no,no,no,no,yes,no,yes,4.0,3.0,2.0,1.0,1.0,4.0,10.0,10.0,9.0,10.0
275,GP,F,18.0,U,GT3,T,2.0,1.0,other,other,course,other,2.0,3.0,0.0,no,yes,no,no,no,yes,yes,yes,4.0,4.0,4.0,1.0,1.0,3.0,10.0,12.0,10.0,11.0
276,GP,M,16.0,U,GT3,T,2.0,1.0,other,other,course,mother,3.0,1.0,0.0,no,no,no,no,yes,yes,yes,no,4.0,3.0,3.0,1.0,1.0,4.0,7.0,15.0,16.0,16.0
277,GP,F,17.0,U,GT3,T,1.0,1.0,other,services,course,father,1.0,2.0,0.0,no,yes,no,no,yes,yes,no,no,4.0,3.0,4.0,1.0,2.0,5.0,4.0,11.0,10.0,11.0
278,GP,M,17.0,U,GT3,T,2.0,3.0,other,other,course,father,2.0,1.0,0.0,no,no,no,no,yes,yes,yes,no,5.0,2.0,2.0,1.0,1.0,2.0,2.0,9.0,12.0,13.0
279,GP,M,22.0,U,GT3,T,3.0,1.0,services,services,other,mother,1.0,1.0,3.0,no,no,no,no,no,no,yes,yes,5.0,4.0,5.0,5.0,5.0,1.0,12.0,7.0,8.0,5.0
280,GP,M,18.0,R,LE3,T,3.0,3.0,other,services,course,mother,1.0,2.0,0.0,no,yes,no,no,yes,yes,yes,yes,4.0,3.0,3.0,1.0,3.0,5.0,8.0,10.0,9.0,10.0
281,GP,M,16.0,U,GT3,T,0.0,2.0,other,other,other,mother,1.0,1.0,0.0,no,no,no,no,no,yes,yes,no,4.0,3.0,2.0,2.0,4.0,5.0,0.0,11.0,12.0,11.0
282,GP,M,18.0,U,GT3,T,3.0,2.0,services,other,course,mother,2.0,1.0,0.0,no,no,no,no,yes,no,yes,no,4.0,4.0,5.0,2.0,4.0,5.0,8.0,7.0,8.0,7.0
283,GP,M,16.0,U,GT3,T,3.0,3.0,at_home,other,reputation,other,3.0,2.0,1.0,yes,yes,no,no,no,yes,yes,no,5.0,3.0,3.0,1.0,3.0,2.0,4.0,9.0,11.0,10.0
284,GP,M,18.0,U,GT3,T,2.0,1.0,services,services,other,mother,1.0,1.0,2.0,no,no,no,no,no,no,yes,no,3.0,2.0,5.0,2.0,5.0,5.0,4.0,7.0,8.0,6.0
285,GP,M,16.0,R,GT3,T,2.0,1.0,other,other,course,mother,2.0,1.0,0.0,no,no,no,yes,no,yes,no,no,3.0,3.0,2.0,1.0,3.0,3.0,2.0,14.0,13.0,12.0
286,GP,M,17.0,R,GT3,T,2.0,1.0,other,other,course,mother,1.0,1.0,0.0,no,no,no,no,no,yes,yes,no,4.0,4.0,2.0,2.0,4.0,5.0,0.0,12.0,12.0,13.0
287,GP,M,17.0,U,LE3,T,1.0,1.0,health,other,course,mother,2.0,1.0,1.0,no,yes,no,yes,yes,yes,yes,no,4.0,4.0,4.0,1.0,2.0,5.0,0.0,9.0,10.0,10.0
288,GP,F,18.0,U,LE3,A,2.0,1.0,other,other,course,mother,1.0,2.0,0.0,no,yes,no,no,no,yes,yes,yes,4.0,3.0,4.0,1.0,3.0,5.0,2.0,12.0,12.0,13.0
289,GP,F,17.0,U,LE3,T,4.0,2.0,teacher,services,reputation,mother,1.0,4.0,0.0,no,yes,no,yes,yes,yes,yes,no,4.0,2.0,3.0,1.0,1.0,4.0,2.0,14.0,15.0,17.0
290,GP,F,19.0,U,GT3,T,2.0,2.0,services,services,home,mother,1.0,2.0,0.0,no,yes,no,no,yes,yes,yes,no,4.0,3.0,3.0,1.0,1.0,5.0,0.0,10.0,10.0,11.0
291,GP,M,18.0,U,LE3,T,2.0,1.0,services,other,course,mother,3.0,2.0,1.0,no,no,no,yes,no,no,yes,no,4.0,4.0,5.0,4.0,4.0,5.0,4.0,11.0,10.0,11.0
292,GP,F,17.0,R,GT3,T,4.0,2.0,other,other,course,mother,1.0,3.0,0.0,no,yes,no,yes,yes,yes,yes,no,4.0,3.0,4.0,1.0,3.0,5.0,2.0,11.0,12.0,14.0
293,GP,F,18.0,U,LE3,T,1.0,1.0,other,at_home,home,mother,1.0,3.0,0.0,no,yes,no,no,no,yes,no,no,4.0,4.0,3.0,2.0,3.0,3.0,4.0,11.0,12.0,14.0
294,GP,F,18.0,R,GT3,T,2.0,2.0,other,other,home,mother,1.0,2.0,0.0,yes,no,no,no,yes,yes,no,no,3.0,2.0,3.0,1.0,1.0,5.0,4.0,11.0,11.0,13.0
295,GP,M,19.0,U,LE3,A,4.0,3.0,services,at_home,reputation,mother,1.0,2.0,0.0,no,yes,no,no,yes,yes,yes,no,4.0,3.0,1.0,1.0,1.0,1.0,4.0,11.0,13.0,14.0
296,GP,M,18.0,U,GT3,T,2.0,1.0,other,other,home,mother,1.0,2.0,0.0,no,no,no,yes,yes,yes,yes,no,5.0,2.0,4.0,1.0,2.0,4.0,2.0,16.0,16.0,16.0
297,GP,M,17.0,R,GT3,T,2.0,2.0,other,services,other,mother,2.0,1.0,0.0,no,no,no,no,no,no,no,no,5.0,2.0,2.0,1.0,1.0,4.0,0.0,9.0,10.0,10.0
298,GP,F,17.0,U,LE3,T,2.0,2.0,services,services,course,father,1.0,4.0,0.0,no,no,no,yes,yes,yes,yes,yes,3.0,4.0,1.0,1.0,1.0,2.0,2.0,10.0,11.0,12.0
299,GP,F,20.0,R,GT3,T,2.0,1.0,other,other,course,other,2.0,2.0,0.0,no,yes,yes,yes,yes,no,yes,yes,1.0,2.0,3.0,1.0,2.0,2.0,8.0,10.0,12.0,12.0
300,GP,F,18.0,U,GT3,T,4.0,3.0,services,other,home,father,1.0,2.0,0.0,no,yes,no,no,yes,yes,yes,yes,3.0,1.0,2.0,1.0,3.0,2.0,2.0,15.0,15.0,15.0
301,GP,M,18.0,U,GT3,T,4.0,3.0,teacher,other,course,mother,1.0,2.0,0.0,no,yes,no,no,no,yes,yes,no,4.0,3.0,2.0,1.0,1.0,3.0,2.0,10.0,10.0,11.0
302,GP,M,18.0,R,GT3,T,3.0,2.0,other,other,course,mother,1.0,3.0,0.0,no,no,no,yes,no,yes,no,no,5.0,3.0,2.0,1.0,1.0,3.0,2.0,10.0,11.0,12.0
303,GP,F,17.0,U,GT3,T,3.0,3.0,other,other,home,mother,1.0,3.0,0.0,no,no,no,yes,no,yes,no,no,3.0,2.0,3.0,1.0,1.0,4.0,2.0,15.0,12.0,13.0
304,GP,F,18.0,U,GT3,T,2.0,2.0,at_home,services,home,mother,1.0,3.0,0.0,no,yes,no,yes,yes,yes,yes,yes,4.0,3.0,3.0,1.0,1.0,3.0,0.0,11.0,12.0,13.0
305,GP,M,17.0,U,GT3,T,2.0,2.0,other,other,home,father,2.0,1.0,0.0,no,no,no,no,yes,no,yes,no,4.0,4.0,4.0,2.0,3.0,4.0,8.0,8.0,8.0,9.0
306,GP,M,18.0,R,LE3,A,3.0,4.0,other,other,reputation,mother,2.0,2.0,0.0,no,yes,no,yes,yes,yes,yes,no,4.0,2.0,5.0,3.0,4.0,1.0,6.0,15.0,16.0,16.0
307,GP,M,17.0,U,GT3,T,3.0,1.0,services,other,other,mother,1.0,2.0,0.0,no,no,no,yes,yes,yes,yes,yes,5.0,4.0,4.0,3.0,4.0,5.0,0.0,11.0,11.0,14.0
308,GP,F,18.0,R,GT3,T,4.0,4.0,teacher,other,reputation,mother,2.0,2.0,0.0,no,no,no,yes,yes,yes,yes,no,4.0,3.0,4.0,2.0,2.0,4.0,8.0,10.0,11.0,12.0
309,GP,M,18.0,U,GT3,T,4.0,2.0,health,other,reputation,father,1.0,2.0,0.0,no,yes,no,yes,yes,yes,yes,yes,5.0,4.0,5.0,1.0,3.0,5.0,4.0,10.0,12.0,14.0
310,GP,F,18.0,R,GT3,T,2.0,1.0,other,other,reputation,mother,2.0,2.0,0.0,no,yes,no,no,yes,no,yes,yes,4.0,3.0,5.0,1.0,2.0,3.0,12.0,8.0,9.0,10.0
311,GP,F,19.0,U,GT3,T,3.0,3.0,other,services,home,other,1.0,2.0,0.0,no,yes,no,yes,yes,yes,yes,no,4.0,3.0,5.0,3.0,3.0,5.0,16.0,11.0,12.0,12.0
312,GP,F,18.0,U,GT3,T,2.0,3.0,other,services,reputation,father,1.0,4.0,0.0,no,yes,no,yes,yes,yes,yes,yes,4.0,5.0,5.0,1.0,3.0,2.0,10.0,16.0,16.0,16.0
313,GP,F,18.0,U,LE3,T,1.0,1.0,other,other,home,mother,2.0,2.0,0.0,no,yes,no,no,no,yes,no,no,4.0,4.0,3.0,1.0,1.0,3.0,2.0,13.0,13.0,13.0
314,GP,M,17.0,R,GT3,T,1.0,2.0,at_home,at_home,home,mother,1.0,2.0,0.0,no,yes,no,yes,no,yes,no,yes,3.0,5.0,2.0,2.0,2.0,1.0,2.0,16.0,17.0,18.0
315,GP,F,18.0,U,GT3,T,2.0,1.0,other,other,home,mother,1.0,2.0,0.0,no,yes,no,no,yes,yes,yes,yes,4.0,2.0,5.0,1.0,2.0,1.0,8.0,14.0,14.0,15.0
316,GP,F,17.0,U,GT3,T,2.0,4.0,at_home,health,reputation,mother,2.0,2.0,0.0,no,yes,no,no,yes,yes,yes,yes,4.0,3.0,3.0,1.0,1.0,1.0,6.0,15.0,16.0,16.0
317,GP,F,17.0,U,LE3,T,2.0,2.0,services,other,course,mother,2.0,2.0,0.0,yes,yes,no,no,yes,yes,yes,yes,4.0,4.0,4.0,2.0,3.0,5.0,6.0,12.0,12.0,12.0
318,GP,F,18.0,R,GT3,A,3.0,2.0,other,services,home,mother,2.0,2.0,0.0,no,no,no,no,no,no,yes,yes,4.0,1.0,1.0,1.0,1.0,5.0,15.0,12.0,9.0,10.0
319,GP,M,18.0,U,GT3,T,4.0,4.0,teacher,services,home,mother,2.0,1.0,0.0,no,no,no,yes,yes,yes,yes,no,3.0,2.0,4.0,1.0,4.0,3.0,6.0,11.0,12.0,12.0
320,GP,F,18.0,U,GT3,T,4.0,4.0,health,health,reputation,father,1.0,2.0,1.0,yes,yes,no,yes,yes,yes,yes,yes,2.0,4.0,4.0,1.0,1.0,4.0,2.0,14.0,12.0,13.0
321,GP,F,17.0,U,GT3,T,2.0,2.0,other,services,reputation,father,3.0,3.0,0.0,no,yes,no,no,yes,yes,yes,yes,4.0,2.0,3.0,1.0,1.0,1.0,8.0,13.0,15.0,15.0
322,GP,F,19.0,R,GT3,T,3.0,2.0,services,services,reputation,father,1.0,2.0,1.0,yes,yes,no,no,yes,no,yes,no,3.0,3.0,3.0,4.0,3.0,3.0,0.0,9.0,8.0,10.0
323,GP,M,18.0,U,LE3,T,4.0,3.0,teacher,services,course,mother,2.0,1.0,0.0,no,no,no,yes,yes,yes,yes,no,4.0,2.0,3.0,1.0,2.0,1.0,0.0,10.0,10.0,10.0
324,GP,M,18.0,U,GT3,T,1.0,2.0,at_home,other,home,other,2.0,1.0,0.0,no,no,no,no,no,no,yes,no,3.0,4.0,4.0,2.0,4.0,4.0,10.0,10.0,10.0,11.0
325,GP,M,17.0,U,LE3,A,4.0,1.0,services,other,home,mother,2.0,1.0,0.0,no,no,no,yes,yes,yes,yes,yes,4.0,5.0,4.0,2.0,4.0,5.0,22.0,11.0,11.0,10.0
326,GP,M,17.0,U,LE3,A,3.0,2.0,teacher,services,home,mother,1.0,1.0,0.0,no,no,no,no,yes,yes,yes,no,4.0,4.0,4.0,3.0,4.0,3.0,18.0,13.0,13.0,13.0
327,GP,F,18.0,R,LE3,T,1.0,1.0,at_home,other,reputation,mother,2.0,4.0,0.0,no,yes,no,yes,yes,yes,no,no,5.0,2.0,2.0,1.0,1.0,3.0,2.0,17.0,17.0,18.0
328,GP,F,18.0,U,GT3,T,1.0,1.0,other,other,home,mother,2.0,2.0,0.0,yes,no,no,yes,yes,yes,yes,no,5.0,4.0,4.0,1.0,1.0,4.0,0.0,12.0,13.0,13.0
329,GP,F,17.0,U,GT3,T,2.0,2.0,other,other,course,mother,1.0,2.0,0.0,no,yes,no,no,no,yes,yes,no,5.0,4.0,5.0,1.0,2.0,5.0,12.0,12.0,12.0,14.0
330,GP,F,18.0,U,GT3,T,2.0,1.0,other,other,reputation,mother,2.0,2.0,0.0,no,no,no,yes,yes,yes,yes,yes,4.0,3.0,1.0,1.0,1.0,5.0,10.0,12.0,13.0,14.0
331,GP,M,17.0,U,GT3,T,1.0,1.0,other,other,reputation,father,1.0,2.0,0.0,no,no,no,no,no,yes,yes,no,4.0,3.0,3.0,1.0,2.0,4.0,0.0,12.0,12.0,12.0
332,GP,F,18.0,U,GT3,T,2.0,2.0,at_home,at_home,other,mother,1.0,3.0,0.0,no,yes,no,no,yes,yes,yes,no,4.0,3.0,3.0,1.0,2.0,2.0,0.0,18.0,18.0,18.0
333,GP,F,17.0,U,GT3,T,1.0,1.0,services,teacher,reputation,mother,1.0,3.0,0.0,no,yes,no,no,yes,yes,yes,no,4.0,3.0,3.0,1.0,1.0,3.0,0.0,13.0,13.0,14.0
334,GP,M,18.0,U,GT3,T,2.0,1.0,services,services,reputation,mother,1.0,3.0,0.0,no,no,no,yes,yes,yes,yes,no,4.0,2.0,4.0,1.0,3.0,2.0,0.0,14.0,15.0,15.0
335,GP,M,18.0,U,LE3,A,4.0,4.0,teacher,teacher,reputation,mother,1.0,2.0,0.0,no,yes,no,yes,yes,yes,yes,no,5.0,4.0,3.0,1.0,1.0,2.0,0.0,17.0,17.0,17.0
336,GP,M,18.0,U,GT3,T,4.0,2.0,teacher,other,home,mother,1.0,2.0,0.0,no,yes,no,yes,yes,yes,yes,yes,4.0,3.0,2.0,1.0,4.0,5.0,2.0,15.0,16.0,16.0
337,GP,F,17.0,U,GT3,T,4.0,3.0,health,services,reputation,mother,1.0,3.0,0.0,no,yes,no,no,yes,yes,yes,no,4.0,2.0,2.0,1.0,2.0,3.0,0.0,17.0,18.0,18.0
338,GP,F,17.0,R,LE3,T,3.0,1.0,services,other,reputation,mother,2.0,4.0,0.0,no,yes,no,no,yes,yes,no,no,3.0,1.0,2.0,1.0,1.0,3.0,0.0,18.0,19.0,19.0
339,GP,M,18.0,R,LE3,T,3.0,2.0,services,other,reputation,mother,2.0,3.0,0.0,no,yes,no,yes,yes,yes,yes,no,5.0,4.0,2.0,1.0,1.0,4.0,0.0,14.0,15.0,15.0
340,GP,M,17.0,U,GT3,T,3.0,3.0,health,other,home,mother,1.0,1.0,0.0,no,yes,no,no,yes,yes,yes,no,4.0,4.0,3.0,1.0,3.0,5.0,0.0,14.0,15.0,15.0
341,GP,F,19.0,U,GT3,T,4.0,4.0,health,other,reputation,other,2.0,2.0,0.0,no,yes,no,yes,yes,yes,yes,no,2.0,3.0,4.0,2.0,3.0,2.0,2.0,14.0,13.0,13.0
342,GP,F,18.0,U,LE3,T,4.0,3.0,other,other,home,other,2.0,2.0,0.0,no,yes,no,no,yes,yes,yes,yes,4.0,4.0,5.0,1.0,2.0,2.0,0.0,13.0,14.0,14.0
343,GP,F,18.0,U,GT3,T,4.0,3.0,other,other,reputation,father,1.0,4.0,0.0,no,yes,no,no,yes,yes,yes,no,4.0,3.0,3.0,1.0,1.0,3.0,0.0,16.0,17.0,17.0
344,GP,M,18.0,U,LE3,T,4.0,4.0,teacher,teacher,home,mother,1.0,1.0,0.0,no,yes,no,no,yes,yes,yes,yes,1.0,4.0,2.0,2.0,2.0,1.0,0.0,18.0,18.0,17.0
345,GP,F,18.0,U,LE3,A,4.0,4.0,health,other,home,mother,1.0,2.0,0.0,no,yes,yes,no,yes,yes,yes,yes,4.0,2.0,4.0,1.0,1.0,4.0,0.0,14.0,15.0,15.0
346,GP,M,17.0,U,LE3,T,4.0,4.0,other,teacher,home,father,2.0,1.0,0.0,no,no,no,no,yes,yes,yes,no,4.0,1.0,1.0,2.0,2.0,5.0,0.0,12.0,13.0,13.0
347,GP,F,17.0,R,GT3,T,4.0,4.0,services,services,reputation,mother,2.0,3.0,0.0,no,yes,no,yes,yes,yes,yes,no,5.0,3.0,4.0,1.0,1.0,5.0,0.0,7.0,7.0,8.0
348,GP,F,17.0,U,GT3,T,4.0,2.0,other,other,reputation,mother,2.0,3.0,0.0,no,yes,no,no,yes,yes,yes,no,4.0,3.0,3.0,1.0,1.0,3.0,0.0,16.0,16.0,16.0
349,GP,F,17.0,U,GT3,T,3.0,2.0,health,health,reputation,father,1.0,4.0,0.0,no,yes,no,yes,no,yes,yes,no,5.0,2.0,2.0,1.0,2.0,5.0,0.0,18.0,18.0,18.0
350,GP,M,19.0,R,LE3,T,2.0,1.0,at_home,services,course,mother,2.0,3.0,1.0,no,no,no,yes,yes,yes,yes,yes,4.0,3.0,1.0,1.0,1.0,5.0,0.0,9.0,10.0,11.0
351,GP,M,20.0,U,GT3,A,3.0,2.0,services,other,course,other,1.0,1.0,2.0,no,no,no,yes,yes,yes,no,no,5.0,5.0,3.0,1.0,1.0,5.0,0.0,14.0,15.0,15.0
352,GP,M,19.0,R,GT3,T,3.0,3.0,other,services,reputation,father,1.0,2.0,0.0,no,no,no,yes,yes,yes,no,yes,4.0,5.0,3.0,1.0,2.0,5.0,0.0,10.0,10.0,11.0
353,GP,F,18.0,U,GT3,T,1.0,4.0,other,teacher,home,mother,1.0,2.0,0.0,yes,yes,no,no,no,yes,no,yes,3.0,4.0,4.0,1.0,2.0,5.0,2.0,10.0,10.0,11.0
354,GP,F,18.0,U,GT3,T,2.0,1.0,services,other,course,mother,2.0,2.0,0.0,no,yes,no,yes,yes,yes,yes,no,5.0,3.0,3.0,1.0,2.0,1.0,2.0,12.0,12.0,15.0
355,GP,F,17.0,U,GT3,T,2.0,3.0,other,other,course,father,2.0,2.0,0.0,no,no,no,yes,yes,yes,yes,yes,4.0,2.0,1.0,1.0,1.0,3.0,2.0,11.0,12.0,14.0
356,GP,F,17.0,R,GT3,T,4.0,4.0,teacher,teacher,course,mother,1.0,1.0,0.0,no,no,no,yes,yes,yes,yes,no,4.0,4.0,4.0,1.0,1.0,5.0,2.0,15.0,16.0,17.0
357,GP,F,18.0,U,GT3,T,4.0,3.0,other,other,course,mother,1.0,3.0,0.0,no,yes,no,yes,yes,yes,yes,yes,4.0,3.0,4.0,1.0,1.0,5.0,2.0,14.0,15.0,17.0
358,GP,F,18.0,U,LE3,T,4.0,3.0,health,services,course,mother,2.0,1.0,0.0,no,yes,no,no,yes,yes,yes,no,3.0,2.0,4.0,1.0,4.0,1.0,8.0,12.0,12.0,15.0
359,GP,F,17.0,R,GT3,T,3.0,4.0,at_home,services,course,father,1.0,3.0,0.0,no,yes,no,yes,no,yes,yes,no,4.0,3.0,4.0,2.0,5.0,5.0,2.0,15.0,15.0,17.0
360,GP,F,18.0,U,GT3,T,3.0,3.0,at_home,other,course,father,1.0,2.0,0.0,no,yes,no,no,yes,yes,yes,no,4.0,1.0,4.0,1.0,1.0,3.0,8.0,11.0,12.0,14.0
361,GP,M,19.0,U,GT3,T,4.0,2.0,health,other,course,mother,2.0,2.0,0.0,no,yes,no,yes,yes,yes,yes,yes,5.0,4.0,4.0,1.0,1.0,1.0,9.0,11.0,10.0,10.0
362,GP,F,18.0,U,GT3,T,4.0,4.0,teacher,other,course,mother,1.0,2.0,0.0,no,yes,no,no,yes,yes,yes,no,4.0,4.0,4.0,3.0,3.0,5.0,0.0,12.0,11.0,13.0
363,GP,F,18.0,U,GT3,T,3.0,4.0,other,other,course,mother,1.0,1.0,0.0,no,yes,no,yes,yes,yes,yes,yes,5.0,4.0,4.0,1.0,1.0,1.0,4.0,11.0,12.0,14.0
364,GP,F,17.0,U,GT3,T,4.0,4.0,health,health,course,mother,1.0,1.0,0.0,no,no,no,yes,yes,yes,yes,no,5.0,3.0,4.0,1.0,2.0,5.0,2.0,14.0,15.0,17.0
365,GP,F,17.0,U,GT3,A,4.0,3.0,services,services,course,mother,1.0,2.0,0.0,no,yes,no,no,yes,yes,yes,yes,5.0,2.0,2.0,1.0,2.0,5.0,14.0,15.0,14.0,17.0
366,GP,F,17.0,U,LE3,A,3.0,3.0,services,other,home,mother,1.0,2.0,0.0,yes,yes,no,no,yes,yes,yes,no,5.0,3.0,3.0,1.0,1.0,5.0,0.0,12.0,12.0,13.0
367,GP,F,17.0,U,LE3,T,2.0,1.0,other,other,home,father,1.0,2.0,0.0,no,no,no,yes,yes,yes,yes,no,4.0,2.0,3.0,2.0,2.0,2.0,2.0,11.0,12.0,14.0
368,GP,M,18.0,U,LE3,T,4.0,4.0,other,other,reputation,father,1.0,1.0,0.0,no,yes,no,no,yes,yes,yes,no,4.0,2.0,5.0,3.0,4.0,5.0,2.0,8.0,9.0,11.0
369,GP,F,19.0,U,GT3,T,1.0,1.0,other,other,course,other,3.0,3.0,0.0,no,no,no,yes,yes,no,no,yes,1.0,5.0,5.0,4.0,3.0,5.0,12.0,10.0,10.0,11.0
370,GP,F,19.0,U,LE3,A,1.0,1.0,other,other,course,other,3.0,2.0,2.0,no,yes,no,no,no,yes,yes,yes,5.0,3.0,4.0,1.0,1.0,4.0,2.0,8.0,8.0,9.0
371,GP,F,18.0,U,GT3,T,2.0,2.0,other,other,course,mother,1.0,1.0,0.0,no,yes,no,yes,yes,yes,yes,yes,4.0,3.0,5.0,2.0,4.0,5.0,2.0,10.0,10.0,10.0
372,GP,F,17.0,U,GT3,T,2.0,2.0,other,other,course,mother,1.0,2.0,0.0,no,yes,no,no,yes,yes,no,yes,4.0,2.0,2.0,1.0,1.0,3.0,4.0,14.0,13.0,13.0
373,GP,F,17.0,R,LE3,T,2.0,2.0,services,services,course,mother,1.0,3.0,0.0,no,yes,no,yes,yes,yes,yes,no,3.0,3.0,2.0,2.0,2.0,3.0,0.0,11.0,11.0,10.0
374,GP,F,17.0,U,GT3,T,3.0,1.0,services,services,course,father,1.0,3.0,0.0,no,yes,no,no,no,yes,yes,no,3.0,4.0,3.0,2.0,3.0,5.0,0.0,17.0,18.0,17.0
375,GP,F,17.0,U,LE3,T,0.0,2.0,at_home,at_home,home,father,2.0,3.0,0.0,no,no,no,no,yes,yes,yes,no,3.0,3.0,3.0,2.0,3.0,2.0,0.0,14.0,14.0,15.0
376,GP,F,18.0,U,GT3,T,1.0,1.0,other,other,home,mother,2.0,3.0,0.0,no,no,no,yes,yes,yes,yes,no,4.0,5.0,5.0,1.0,2.0,2.0,0.0,14.0,14.0,14.0
377,GP,M,18.0,U,GT3,T,4.0,4.0,other,other,course,mother,1.0,3.0,0.0,no,no,no,yes,yes,yes,yes,no,4.0,3.0,3.0,2.0,2.0,3.0,0.0,13.0,14.0,13.0
378,GP,M,17.0,U,GT3,T,3.0,3.0,other,services,reputation,mother,1.0,1.0,0.0,no,no,no,yes,no,yes,yes,no,4.0,3.0,5.0,3.0,5.0,5.0,0.0,17.0,18.0,17.0
379,GP,M,17.0,R,GT3,T,2.0,2.0,services,other,course,mother,4.0,1.0,0.0,no,yes,no,no,yes,yes,yes,no,4.0,4.0,5.0,5.0,5.0,4.0,2.0,11.0,10.0,10.0
380,GP,F,17.0,U,GT3,T,4.0,4.0,teacher,services,course,mother,1.0,3.0,0.0,no,yes,no,yes,yes,yes,yes,no,5.0,4.0,4.0,1.0,3.0,4.0,0.0,13.0,12.0,13.0
381,GP,F,17.0,U,GT3,T,4.0,4.0,teacher,teacher,course,mother,2.0,3.0,0.0,no,yes,no,no,no,yes,yes,yes,4.0,3.0,3.0,1.0,2.0,4.0,4.0,15.0,14.0,15.0
382,GP,F,17.0,U,GT3,T,3.0,3.0,at_home,other,course,mother,1.0,1.0,0.0,no,yes,yes,yes,yes,yes,yes,no,4.0,2.0,5.0,2.0,5.0,5.0,2.0,11.0,12.0,11.0
383,GP,M,18.0,U,LE3,T,2.0,2.0,other,other,course,mother,1.0,4.0,0.0,no,yes,yes,yes,yes,yes,yes,no,4.0,5.0,5.0,2.0,4.0,5.0,0.0,11.0,11.0,12.0
384,GP,M,19.0,R,GT3,T,3.0,2.0,at_home,services,home,other,1.0,1.0,0.0,no,yes,no,no,no,yes,no,yes,5.0,3.0,4.0,2.0,2.0,5.0,0.0,11.0,10.0,10.0
385,GP,F,18.0,U,GT3,T,2.0,2.0,at_home,other,course,mother,4.0,2.0,0.0,no,no,no,yes,yes,yes,no,yes,4.0,2.0,5.0,1.0,1.0,2.0,2.0,10.0,9.0,10.0
386,GP,F,17.0,R,GT3,T,2.0,4.0,at_home,other,course,father,1.0,3.0,0.0,no,yes,no,no,yes,yes,yes,yes,4.0,4.0,3.0,1.0,1.0,5.0,0.0,15.0,15.0,15.0
387,GP,M,18.0,U,GT3,T,2.0,2.0,other,other,reputation,mother,1.0,1.0,0.0,no,no,no,no,no,yes,yes,no,5.0,4.0,2.0,1.0,2.0,5.0,6.0,15.0,14.0,15.0
388,GP,F,18.0,U,GT3,T,3.0,3.0,services,services,home,mother,1.0,2.0,0.0,no,no,no,yes,yes,yes,yes,no,5.0,3.0,4.0,1.0,1.0,4.0,8.0,10.0,11.0,12.0
389,GP,F,18.0,U,LE3,T,2.0,2.0,other,other,home,other,1.0,2.0,0.0,no,no,no,yes,no,yes,yes,yes,4.0,3.0,3.0,1.0,1.0,2.0,0.0,10.0,9.0,12.0
390,GP,F,18.0,R,GT3,T,2.0,2.0,at_home,other,course,mother,2.0,4.0,0.0,no,no,no,yes,yes,yes,no,no,4.0,4.0,4.0,1.0,1.0,4.0,6.0,14.0,13.0,14.0
391,GP,F,17.0,U,GT3,T,3.0,4.0,services,other,course,mother,1.0,3.0,0.0,no,no,no,no,yes,yes,yes,no,4.0,4.0,5.0,1.0,3.0,5.0,8.0,11.0,13.0,14.0
392,GP,F,17.0,U,GT3,T,3.0,2.0,other,other,home,mother,1.0,2.0,0.0,no,yes,no,no,yes,yes,yes,yes,4.0,3.0,2.0,2.0,3.0,2.0,0.0,12.0,13.0,15.0
393,GP,F,18.0,U,LE3,T,3.0,3.0,services,services,home,mother,1.0,4.0,0.0,no,yes,no,no,yes,yes,yes,no,5.0,3.0,3.0,1.0,1.0,1.0,4.0,14.0,14.0,15.0
394,GP,F,17.0,R,GT3,A,3.0,2.0,other,other,home,mother,1.0,2.0,0.0,no,yes,no,no,yes,yes,yes,no,4.0,3.0,3.0,2.0,3.0,2.0,0.0,14.0,14.0,16.0
395,GP,M,18.0,U,GT3,T,4.0,4.0,teacher,services,home,father,1.0,2.0,0.0,no,yes,no,yes,yes,yes,yes,no,4.0,3.0,3.0,2.0,2.0,2.0,0.0,12.0,12.0,13.0
396,GP,M,18.0,U,LE3,T,3.0,4.0,services,other,home,mother,1.0,2.0,0.0,no,no,no,yes,yes,yes,yes,yes,4.0,3.0,3.0,1.0,3.0,5.0,6.0,16.0,16.0,17.0
397,GP,F,17.0,U,GT3,A,2.0,2.0,at_home,at_home,home,father,1.0,2.0,0.0,no,yes,no,no,yes,yes,yes,yes,3.0,3.0,1.0,1.0,2.0,4.0,18.0,10.0,12.0,14.0
398,GP,F,18.0,U,GT3,T,2.0,3.0,at_home,other,course,mother,1.0,3.0,0.0,no,yes,no,no,yes,yes,yes,no,4.0,3.0,3.0,1.0,2.0,3.0,0.0,11.0,12.0,14.0
399,GP,F,18.0,U,GT3,T,3.0,2.0,other,services,other,mother,1.0,3.0,0.0,no,no,no,no,yes,yes,yes,yes,5.0,4.0,3.0,2.0,3.0,1.0,4.0,14.0,16.0,17.0
400,GP,M,18.0,R,GT3,T,4.0,3.0,teacher,services,course,mother,1.0,3.0,0.0,no,no,no,no,yes,yes,yes,yes,5.0,3.0,2.0,1.0,2.0,4.0,4.0,15.0,14.0,17.0
401,GP,M,18.0,U,GT3,T,4.0,3.0,teacher,other,course,mother,1.0,3.0,0.0,no,yes,no,no,yes,yes,yes,yes,5.0,4.0,5.0,2.0,3.0,5.0,0.0,14.0,13.0,14.0
402,GP,F,17.0,U,GT3,T,4.0,3.0,health,other,reputation,mother,1.0,3.0,0.0,no,yes,no,yes,yes,yes,yes,yes,4.0,4.0,3.0,1.0,3.0,4.0,0.0,11.0,12.0,13.0
403,GP,F,17.0,U,GT3,T,2.0,1.0,services,other,course,mother,2.0,2.0,0.0,no,yes,no,yes,yes,yes,yes,yes,4.0,3.0,4.0,2.0,2.0,1.0,10.0,12.0,15.0,15.0
404,GP,F,17.0,U,GT3,T,2.0,1.0,services,other,reputation,mother,1.0,2.0,0.0,no,yes,no,yes,yes,yes,yes,no,4.0,3.0,5.0,2.0,4.0,4.0,4.0,12.0,16.0,16.0
405,GP,F,19.0,U,LE3,A,2.0,3.0,at_home,other,home,other,2.0,1.0,1.0,no,no,no,no,yes,no,yes,no,2.0,2.0,3.0,3.0,4.0,5.0,16.0,10.0,11.0,11.0
406,GP,F,17.0,U,GT3,T,3.0,1.0,other,at_home,home,mother,1.0,1.0,1.0,no,yes,yes,no,yes,yes,yes,yes,4.0,1.0,2.0,1.0,1.0,3.0,6.0,10.0,13.0,13.0
407,GP,F,21.0,U,LE3,T,4.0,4.0,other,other,reputation,other,1.0,3.0,2.0,no,no,yes,yes,yes,yes,yes,no,3.0,3.0,2.0,1.0,1.0,5.0,0.0,9.0,12.0,12.0
408,GP,M,18.0,U,LE3,T,2.0,2.0,services,services,reputation,mother,1.0,2.0,0.0,no,yes,no,yes,no,no,yes,no,4.0,4.0,4.0,1.0,3.0,3.0,11.0,9.0,11.0,12.0
409,GP,M,18.0,U,LE3,A,3.0,4.0,other,other,reputation,other,1.0,2.0,0.0,no,no,no,yes,yes,yes,yes,yes,4.0,3.0,5.0,1.0,4.0,2.0,9.0,13.0,14.0,15.0
410,GP,F,17.0,U,GT3,T,2.0,2.0,services,services,reputation,mother,1.0,2.0,0.0,no,yes,no,yes,yes,yes,yes,no,4.0,3.0,4.0,1.0,3.0,4.0,0.0,13.0,17.0,17.0
411,GP,M,17.0,U,LE3,A,4.0,4.0,health,other,reputation,mother,1.0,3.0,0.0,no,yes,no,no,yes,yes,yes,no,4.0,4.0,2.0,1.0,2.0,4.0,2.0,12.0,15.0,15.0
412,GP,F,18.0,U,LE3,T,4.0,2.0,teacher,other,course,mother,1.0,2.0,0.0,no,yes,no,yes,yes,yes,yes,no,4.0,2.0,2.0,1.0,1.0,3.0,0.0,14.0,17.0,17.0
413,GP,M,21.0,R,LE3,T,1.0,1.0,at_home,other,course,other,2.0,2.0,2.0,no,yes,no,yes,yes,no,yes,yes,5.0,3.0,3.0,5.0,2.0,4.0,21.0,9.0,10.0,10.0
414,GP,F,20.0,R,GT3,T,1.0,1.0,other,other,reputation,other,2.0,3.0,0.0,no,no,no,no,yes,yes,yes,yes,3.0,2.0,2.0,1.0,3.0,3.0,8.0,11.0,15.0,15.0
415,GP,F,19.0,U,GT3,T,4.0,4.0,teacher,other,home,other,1.0,1.0,1.0,no,yes,no,no,yes,yes,yes,yes,3.0,2.0,5.0,4.0,4.0,5.0,5.0,9.0,10.0,11.0
416,GP,M,17.0,U,LE3,A,3.0,2.0,other,other,reputation,mother,1.0,2.0,0.0,no,yes,no,no,yes,yes,yes,no,4.0,4.0,4.0,1.0,2.0,5.0,10.0,16.0,18.0,18.0
417,GP,F,18.0,U,GT3,T,3.0,2.0,at_home,other,reputation,father,1.0,3.0,0.0,no,yes,no,no,yes,yes,yes,yes,4.0,3.0,4.0,1.0,2.0,2.0,5.0,14.0,17.0,17.0
418,GP,M,18.0,R,GT3,T,2.0,3.0,other,services,reputation,father,1.0,1.0,0.0,no,no,no,no,yes,yes,yes,no,3.0,1.0,3.0,4.0,5.0,4.0,13.0,13.0,14.0,14.0
419,GP,M,19.0,U,GT3,T,2.0,1.0,other,other,reputation,mother,1.0,1.0,0.0,no,no,no,no,yes,yes,yes,no,5.0,3.0,4.0,1.0,4.0,4.0,10.0,7.0,11.0,11.0
420,GP,F,18.0,U,LE3,A,2.0,2.0,services,other,reputation,mother,2.0,2.0,0.0,no,yes,no,no,yes,yes,yes,no,4.0,1.0,4.0,1.0,3.0,4.0,10.0,14.0,17.0,17.0
421,GP,F,20.0,U,GT3,T,1.0,0.0,other,other,reputation,mother,2.0,1.0,1.0,yes,no,no,no,yes,yes,yes,yes,5.0,3.0,1.0,1.0,1.0,5.0,5.0,8.0,10.0,10.0
422,GP,F,18.0,U,GT3,T,3.0,2.0,services,other,home,mother,1.0,2.0,0.0,no,yes,no,yes,no,yes,yes,yes,3.0,1.0,2.0,1.0,2.0,1.0,4.0,10.0,13.0,13.0
423,MS,F,16.0,U,GT3,T,1.0,3.0,at_home,other,other,father,2.0,1.0,0.0,no,yes,no,no,yes,no,yes,yes,4.0,3.0,3.0,1.0,3.0,5.0,11.0,10.0,11.0,11.0
424,MS,F,16.0,R,GT3,T,2.0,2.0,other,other,course,mother,2.0,2.0,0.0,no,yes,no,yes,yes,yes,yes,no,4.0,4.0,4.0,1.0,1.0,5.0,0.0,12.0,12.0,12.0
425,MS,F,15.0,R,GT3,T,1.0,1.0,at_home,services,other,mother,1.0,1.0,1.0,no,yes,no,no,yes,yes,no,yes,4.0,1.0,3.0,1.0,1.0,2.0,6.0,10.0,10.0,10.0
426,MS,F,15.0,R,GT3,T,3.0,3.0,at_home,other,course,mother,2.0,1.0,0.0,no,yes,no,no,yes,yes,yes,no,5.0,4.0,4.0,2.0,3.0,5.0,4.0,10.0,10.0,11.0
427,MS,F,16.0,R,GT3,T,2.0,3.0,at_home,services,course,mother,2.0,2.0,0.0,no,no,no,no,yes,yes,no,no,4.0,5.0,2.0,1.0,2.0,5.0,0.0,16.0,17.0,17.0
428,MS,F,15.0,R,LE3,T,2.0,1.0,at_home,other,home,mother,2.0,1.0,0.0,no,no,no,no,yes,no,no,no,1.0,3.0,4.0,1.0,1.0,1.0,0.0,6.0,8.0,9.0
429,MS,M,16.0,R,LE3,A,4.0,4.0,at_home,other,home,mother,1.0,2.0,0.0,no,yes,no,no,yes,yes,no,no,5.0,3.0,2.0,1.0,3.0,2.0,5.0,10.0,11.0,11.0
430,MS,M,16.0,U,GT3,A,1.0,2.0,other,other,other,mother,1.0,3.0,0.0,yes,no,no,no,yes,yes,yes,no,4.0,4.0,3.0,1.0,1.0,5.0,0.0,10.0,11.0,11.0
431,MS,F,17.0,R,GT3,T,3.0,2.0,at_home,other,course,father,1.0,2.0,1.0,no,no,no,no,yes,yes,no,yes,4.0,5.0,4.0,1.0,2.0,5.0,0.0,10.0,10.0,10.0
432,MS,F,17.0,R,GT3,T,1.0,1.0,other,other,other,father,1.0,1.0,1.0,no,yes,no,no,no,no,yes,no,5.0,4.0,4.0,2.0,2.0,5.0,0.0,6.0,6.0,7.0
433,MS,F,15.0,R,GT3,T,4.0,4.0,teacher,other,course,mother,2.0,1.0,0.0,no,no,no,no,yes,yes,yes,yes,1.0,5.0,1.0,3.0,5.0,5.0,0.0,13.0,14.0,14.0
434,MS,F,16.0,U,LE3,A,2.0,2.0,at_home,other,reputation,mother,2.0,4.0,0.0,no,no,no,yes,no,no,no,yes,1.0,2.0,1.0,1.0,1.0,1.0,4.0,10.0,9.0,11.0
435,MS,F,15.0,R,LE3,T,1.0,1.0,at_home,services,reputation,father,2.0,2.0,0.0,no,yes,no,no,yes,yes,yes,no,5.0,4.0,3.0,1.0,2.0,4.0,0.0,10.0,10.0,10.0
436,MS,F,15.0,R,LE3,T,1.0,1.0,other,services,course,mother,2.0,1.0,1.0,no,yes,no,no,yes,yes,yes,yes,4.0,4.0,3.0,1.0,2.0,2.0,4.0,6.0,7.0,8.0
437,MS,F,16.0,R,GT3,T,0.0,2.0,other,other,other,mother,2.0,1.0,0.0,no,yes,no,yes,yes,yes,no,no,3.0,2.0,3.0,1.0,2.0,2.0,0.0,12.0,11.0,12.0
438,MS,F,17.0,R,GT3,T,2.0,3.0,other,other,course,mother,2.0,1.0,0.0,no,yes,no,no,yes,yes,yes,no,5.0,5.0,5.0,1.0,3.0,3.0,2.0,10.0,11.0,12.0
439,MS,F,15.0,R,GT3,T,3.0,3.0,other,services,course,father,2.0,1.0,0.0,no,no,no,no,no,yes,yes,no,4.0,1.0,3.0,1.0,1.0,4.0,0.0,14.0,16.0,16.0
440,MS,M,16.0,U,GT3,T,1.0,1.0,at_home,services,home,mother,2.0,2.0,0.0,no,yes,no,yes,yes,yes,no,yes,5.0,4.0,5.0,4.0,5.0,3.0,0.0,7.0,0.0,0.0
441,MS,M,17.0,U,GT3,T,1.0,1.0,other,other,home,mother,1.0,2.0,0.0,no,no,yes,no,no,yes,yes,no,4.0,4.0,3.0,2.0,4.0,5.0,4.0,8.0,9.0,9.0
442,MS,M,15.0,R,LE3,T,4.0,1.0,health,services,reputation,father,1.0,2.0,0.0,no,yes,no,yes,yes,yes,yes,no,5.0,3.0,4.0,1.0,2.0,2.0,0.0,12.0,13.0,14.0
443,MS,M,15.0,R,LE3,T,4.0,1.0,health,services,reputation,father,1.0,2.0,0.0,no,yes,no,yes,yes,yes,yes,no,5.0,3.0,4.0,1.0,2.0,2.0,7.0,7.0,9.0,8.0
444,MS,M,16.0,R,GT3,T,3.0,4.0,other,health,other,mother,3.0,2.0,0.0,no,no,no,no,no,yes,no,no,3.0,4.0,5.0,1.0,2.0,5.0,4.0,9.0,10.0,11.0
445,MS,M,15.0,R,GT3,T,1.0,1.0,other,other,course,mother,4.0,2.0,0.0,no,yes,no,yes,yes,yes,no,yes,5.0,4.0,5.0,2.0,4.0,4.0,8.0,7.0,9.0,9.0
446,MS,M,15.0,U,LE3,T,3.0,3.0,at_home,at_home,reputation,father,1.0,2.0,0.0,no,yes,no,yes,yes,yes,yes,no,5.0,3.0,3.0,1.0,1.0,5.0,0.0,11.0,11.0,11.0
447,MS,M,17.0,R,GT3,T,2.0,1.0,other,other,other,mother,3.0,1.0,0.0,no,no,no,yes,yes,no,no,yes,5.0,5.0,5.0,5.0,5.0,3.0,8.0,8.0,10.0,9.0
448,MS,F,16.0,R,GT3,T,4.0,4.0,teacher,teacher,course,mother,2.0,3.0,0.0,no,no,no,yes,yes,yes,yes,yes,4.0,2.0,2.0,1.0,1.0,4.0,6.0,16.0,16.0,17.0
449,MS,F,15.0,R,GT3,T,1.0,2.0,other,services,course,mother,2.0,1.0,0.0,no,no,no,no,yes,yes,no,no,5.0,1.0,2.0,1.0,1.0,1.0,3.0,11.0,13.0,13.0
450,MS,F,16.0,R,GT3,T,2.0,3.0,other,services,course,mother,3.0,2.0,0.0,no,yes,no,no,yes,yes,yes,no,4.0,5.0,4.0,1.0,2.0,1.0,2.0,15.0,15.0,15.0
451,MS,M,16.0,R,GT3,T,1.0,2.0,other,other,course,father,2.0,2.0,0.0,no,no,no,no,yes,yes,no,no,4.0,3.0,3.0,1.0,1.0,5.0,0.0,10.0,11.0,11.0
452,MS,F,16.0,R,GT3,T,2.0,2.0,other,other,course,mother,3.0,2.0,0.0,no,yes,no,no,yes,yes,yes,no,4.0,4.0,5.0,1.0,1.0,4.0,4.0,9.0,10.0,11.0
453,MS,F,16.0,U,GT3,T,1.0,2.0,other,services,course,mother,1.0,3.0,1.0,no,yes,no,no,yes,yes,no,no,1.0,3.0,2.0,1.0,2.0,4.0,0.0,10.0,8.0,8.0
454,MS,F,16.0,U,GT3,T,1.0,2.0,other,services,course,mother,1.0,3.0,1.0,no,yes,no,no,yes,yes,no,no,1.0,3.0,2.0,1.0,2.0,4.0,3.0,9.0,8.0,8.0
455,MS,F,15.0,U,GT3,T,2.0,1.0,at_home,other,home,mother,1.0,2.0,0.0,yes,yes,no,no,no,yes,yes,no,4.0,4.0,2.0,3.0,3.0,2.0,0.0,9.0,10.0,9.0
456,MS,F,16.0,U,GT3,T,1.0,1.0,at_home,other,course,father,1.0,2.0,0.0,no,yes,no,no,no,yes,no,yes,5.0,4.0,3.0,2.0,1.0,2.0,0.0,13.0,14.0,15.0
457,MS,M,17.0,R,LE3,T,1.0,2.0,at_home,services,reputation,mother,1.0,1.0,0.0,no,yes,no,yes,yes,yes,yes,no,5.0,5.0,5.0,5.0,5.0,3.0,4.0,10.0,11.0,11.0
458,MS,F,16.0,R,GT3,T,1.0,1.0,other,other,home,father,4.0,4.0,0.0,no,yes,no,no,no,yes,yes,no,4.0,3.0,2.0,1.0,1.0,1.0,0.0,13.0,10.0,13.0
459,MS,F,16.0,R,GT3,T,1.0,1.0,at_home,other,other,father,4.0,3.0,0.0,yes,yes,no,no,yes,yes,no,no,4.0,4.0,3.0,1.0,1.0,5.0,2.0,10.0,9.0,10.0
460,MS,F,15.0,R,GT3,T,1.0,1.0,at_home,other,home,father,2.0,2.0,0.0,no,yes,no,yes,yes,yes,yes,no,4.0,3.0,3.0,1.0,1.0,2.0,1.0,11.0,10.0,11.0
461,MS,F,16.0,R,GT3,T,1.0,1.0,at_home,other,other,mother,2.0,1.0,0.0,no,no,no,yes,yes,yes,yes,yes,4.0,2.0,2.0,4.0,3.0,2.0,0.0,13.0,12.0,14.0
462,MS,F,15.0,R,GT3,T,1.0,1.0,at_home,at_home,course,father,3.0,2.0,0.0,no,yes,no,no,yes,yes,no,no,4.0,2.0,1.0,1.0,2.0,2.0,0.0,13.0,14.0,14.0
463,MS,F,15.0,R,LE3,T,2.0,2.0,other,other,other,father,1.0,3.0,0.0,yes,yes,no,no,yes,yes,no,no,4.0,4.0,3.0,2.0,2.0,5.0,2.0,14.0,11.0,12.0
464,MS,M,16.0,R,GT3,T,1.0,1.0,at_home,other,other,father,2.0,1.0,0.0,no,no,no,yes,yes,yes,no,no,3.0,4.0,4.0,3.0,4.0,5.0,6.0,11.0,11.0,11.0
465,MS,F,18.0,U,GT3,T,1.0,2.0,other,other,course,father,1.0,2.0,1.0,no,yes,no,yes,yes,yes,yes,yes,3.0,4.0,4.0,2.0,3.0,5.0,9.0,9.0,8.0,8.0
466,MS,M,15.0,U,GT3,T,3.0,1.0,other,services,home,mother,2.0,1.0,0.0,no,yes,no,no,yes,yes,no,no,3.0,2.0,3.0,1.0,3.0,4.0,0.0,10.0,9.0,11.0
467,MS,F,16.0,R,GT3,T,2.0,2.0,other,services,course,father,3.0,2.0,0.0,no,yes,no,yes,yes,yes,yes,no,5.0,3.0,4.0,1.0,1.0,2.0,1.0,14.0,13.0,14.0
468,MS,M,15.0,U,GT3,T,2.0,2.0,health,other,reputation,mother,3.0,1.0,0.0,no,no,no,no,yes,yes,no,no,4.0,3.0,3.0,1.0,2.0,4.0,1.0,13.0,12.0,13.0
469,MS,M,16.0,U,GT3,T,4.0,4.0,other,teacher,course,father,1.0,2.0,0.0,no,yes,no,yes,yes,yes,no,yes,4.0,3.0,1.0,1.0,1.0,3.0,0.0,13.0,12.0,13.0
470,MS,F,15.0,R,GT3,T,3.0,3.0,services,other,reputation,mother,1.0,2.0,0.0,no,yes,no,no,yes,yes,yes,yes,4.0,5.0,4.0,1.0,1.0,1.0,4.0,13.0,12.0,12.0
471,MS,F,16.0,R,GT3,T,2.0,2.0,at_home,other,course,mother,2.0,2.0,1.0,no,yes,no,yes,no,yes,no,no,4.0,4.0,4.0,2.0,3.0,5.0,2.0,12.0,11.0,12.0
472,MS,F,16.0,R,LE3,T,2.0,2.0,other,other,home,father,3.0,1.0,0.0,no,yes,no,yes,yes,yes,no,yes,4.0,3.0,2.0,1.0,1.0,4.0,0.0,14.0,14.0,16.0
473,MS,M,16.0,U,LE3,T,2.0,1.0,at_home,services,course,mother,2.0,1.0,0.0,no,yes,no,yes,yes,yes,yes,no,2.0,4.0,3.0,2.0,3.0,4.0,4.0,10.0,8.0,10.0
474,MS,M,15.0,R,LE3,T,1.0,3.0,at_home,other,reputation,father,3.0,1.0,0.0,no,yes,no,yes,yes,yes,yes,no,4.0,2.0,4.0,3.0,5.0,3.0,2.0,10.0,11.0,11.0
475,MS,F,15.0,U,GT3,T,2.0,2.0,other,services,course,mother,2.0,3.0,0.0,no,yes,no,yes,yes,yes,no,no,5.0,3.0,2.0,1.0,1.0,4.0,0.0,12.0,13.0,14.0
476,MS,F,16.0,R,LE3,T,2.0,1.0,other,other,home,mother,1.0,1.0,0.0,no,yes,no,no,yes,yes,yes,yes,5.0,4.0,3.0,1.0,1.0,5.0,2.0,10.0,8.0,8.0
477,MS,M,15.0,U,GT3,T,3.0,3.0,services,services,course,father,2.0,1.0,0.0,no,yes,no,yes,no,yes,yes,no,4.0,3.0,3.0,2.0,4.0,3.0,11.0,12.0,10.0,11.0
478,MS,F,16.0,R,GT3,T,1.0,1.0,at_home,other,course,father,2.0,2.0,3.0,yes,yes,no,no,yes,yes,no,no,3.0,4.0,3.0,1.0,1.0,1.0,0.0,7.0,7.0,8.0
479,MS,F,17.0,U,GT3,T,2.0,2.0,other,at_home,course,mother,1.0,1.0,0.0,no,yes,no,yes,yes,no,no,no,4.0,5.0,3.0,1.0,1.0,5.0,4.0,9.0,9.0,10.0
480,MS,F,19.0,U,GT3,T,2.0,3.0,at_home,services,course,other,1.0,1.0,1.0,no,no,no,no,yes,no,yes,yes,4.0,4.0,4.0,1.0,1.0,2.0,0.0,9.0,9.0,10.0
481,MS,F,17.0,R,GT3,T,2.0,1.0,at_home,other,course,mother,3.0,1.0,0.0,no,yes,no,yes,yes,no,no,yes,5.0,5.0,3.0,1.0,1.0,3.0,2.0,9.0,10.0,11.0
482,MS,F,15.0,R,LE3,T,1.0,1.0,at_home,other,course,mother,2.0,1.0,0.0,no,yes,no,no,yes,no,no,yes,5.0,2.0,1.0,1.0,3.0,4.0,0.0,9.0,10.0,9.0
483,MS,F,16.0,R,GT3,T,2.0,2.0,other,other,course,father,3.0,2.0,0.0,no,yes,no,no,yes,no,yes,no,3.0,4.0,5.0,1.0,2.0,1.0,1.0,9.0,10.0,11.0
484,MS,F,16.0,U,LE3,A,2.0,2.0,other,other,home,mother,1.0,1.0,0.0,no,yes,no,no,yes,no,no,no,4.0,3.0,4.0,1.0,2.0,1.0,6.0,7.0,7.0,8.0
485,MS,F,17.0,R,GT3,T,2.0,2.0,at_home,other,course,mother,2.0,2.0,0.0,no,yes,no,no,yes,yes,yes,no,4.0,3.0,5.0,1.0,2.0,4.0,0.0,11.0,10.0,11.0
486,MS,F,16.0,U,GT3,T,2.0,2.0,other,services,course,father,1.0,1.0,1.0,no,yes,yes,yes,no,yes,yes,no,4.0,4.0,3.0,1.0,4.0,3.0,1.0,9.0,10.0,10.0
487,MS,F,18.0,R,LE3,A,3.0,2.0,other,other,course,other,2.0,3.0,2.0,no,yes,no,no,no,no,no,yes,3.0,3.0,2.0,1.0,1.0,2.0,6.0,7.0,9.0,10.0
488,MS,F,19.0,U,GT3,T,1.0,1.0,at_home,services,course,mother,1.0,3.0,1.0,no,no,no,yes,yes,no,no,yes,5.0,3.0,1.0,1.0,1.0,3.0,6.0,7.0,9.0,9.0
489,MS,M,18.0,R,GT3,T,1.0,1.0,other,other,home,mother,2.0,1.0,1.0,no,no,no,yes,yes,no,yes,no,4.0,4.0,3.0,3.0,4.0,4.0,0.0,8.0,9.0,10.0
490,MS,F,18.0,R,GT3,T,1.0,1.0,at_home,at_home,course,mother,2.0,1.0,1.0,no,no,no,no,no,no,yes,yes,3.0,2.0,3.0,1.0,1.0,2.0,4.0,9.0,11.0,10.0
491,MS,F,19.0,U,GT3,T,1.0,1.0,other,other,course,other,2.0,2.0,1.0,no,yes,no,no,yes,yes,yes,yes,1.0,1.0,4.0,4.0,1.0,1.0,12.0,7.0,8.0,9.0
492,MS,F,16.0,R,GT3,A,2.0,2.0,health,other,course,mother,1.0,2.0,0.0,no,no,no,no,no,yes,no,yes,3.0,3.0,2.0,1.0,1.0,3.0,2.0,8.0,10.0,10.0
493,MS,F,17.0,U,GT3,T,0.0,1.0,other,at_home,course,father,2.0,1.0,0.0,no,no,no,yes,no,yes,no,no,2.0,4.0,4.0,3.0,5.0,5.0,5.0,9.0,9.0,10.0
494,MS,F,16.0,R,LE3,T,1.0,2.0,at_home,other,course,mother,1.0,2.0,0.0,no,no,no,yes,yes,no,yes,no,4.0,4.0,5.0,1.0,3.0,3.0,0.0,8.0,9.0,9.0
495,MS,F,16.0,U,GT3,T,3.0,3.0,other,other,reputation,mother,1.0,1.0,0.0,no,no,no,yes,yes,no,yes,yes,4.0,5.0,4.0,1.0,1.0,4.0,0.0,14.0,13.0,13.0
496,MS,F,16.0,R,LE3,T,1.0,1.0,services,services,home,mother,1.0,1.0,0.0,no,yes,no,yes,yes,yes,yes,yes,4.0,4.0,4.0,2.0,2.0,4.0,2.0,14.0,14.0,14.0
497,MS,M,17.0,U,GT3,T,3.0,3.0,services,at_home,course,mother,2.0,4.0,1.0,no,yes,yes,yes,yes,yes,no,no,5.0,4.0,5.0,3.0,4.0,5.0,0.0,10.0,11.0,10.0
498,MS,F,16.0,U,GT3,T,2.0,1.0,other,services,course,mother,1.0,2.0,0.0,no,yes,no,yes,yes,yes,yes,no,5.0,3.0,3.0,1.0,1.0,1.0,0.0,14.0,13.0,14.0
499,MS,F,16.0,U,GT3,T,2.0,2.0,services,other,course,mother,1.0,1.0,0.0,no,yes,yes,yes,yes,yes,no,yes,4.0,2.0,5.0,1.0,2.0,5.0,0.0,17.0,16.0,16.0
500,MS,M,17.0,U,GT3,T,1.0,2.0,other,other,course,father,1.0,1.0,1.0,no,yes,no,yes,yes,no,yes,yes,5.0,3.0,5.0,5.0,5.0,1.0,12.0,6.0,7.0,7.0
501,MS,M,16.0,U,LE3,T,4.0,3.0,other,other,course,father,1.0,1.0,0.0,no,no,no,yes,yes,yes,yes,no,4.0,2.0,5.0,1.0,5.0,5.0,8.0,14.0,12.0,13.0
502,MS,M,17.0,R,LE3,T,2.0,2.0,services,services,other,mother,3.0,4.0,1.0,no,yes,no,no,yes,yes,no,no,1.0,3.0,5.0,3.0,5.0,3.0,2.0,10.0,8.0,9.0
503,MS,F,16.0,U,GT3,T,1.0,1.0,other,other,course,other,1.0,4.0,0.0,yes,yes,no,yes,yes,yes,yes,no,2.0,2.0,1.0,1.0,1.0,5.0,0.0,14.0,14.0,14.0
504,MS,F,19.0,U,LE3,T,2.0,2.0,other,other,home,mother,1.0,3.0,0.0,no,no,no,no,yes,yes,yes,yes,5.0,4.0,5.0,1.0,1.0,1.0,0.0,12.0,13.0,13.0
505,MS,F,17.0,R,GT3,T,1.0,1.0,at_home,other,reputation,mother,2.0,1.0,0.0,no,yes,no,yes,no,yes,yes,yes,4.0,4.0,5.0,1.0,2.0,5.0,0.0,11.0,11.0,11.0
506,MS,F,20.0,U,GT3,T,3.0,3.0,at_home,services,other,mother,2.0,2.0,1.0,no,no,no,yes,yes,yes,yes,yes,3.0,3.0,4.0,2.0,4.0,3.0,8.0,11.0,9.0,10.0
507,MS,F,17.0,U,LE3,T,1.0,1.0,other,services,course,father,1.0,3.0,0.0,no,yes,no,no,yes,yes,no,yes,4.0,3.0,3.0,1.0,1.0,3.0,0.0,11.0,11.0,10.0
508,MS,M,17.0,R,GT3,T,2.0,2.0,other,other,course,mother,3.0,1.0,1.0,no,yes,no,no,no,yes,yes,no,4.0,4.0,5.0,1.0,2.0,5.0,0.0,10.0,9.0,9.0
509,MS,F,16.0,R,LE3,T,1.0,1.0,at_home,other,course,father,3.0,2.0,0.0,no,yes,no,no,yes,yes,no,no,5.0,3.0,2.0,1.0,1.0,1.0,0.0,16.0,17.0,18.0
510,MS,F,17.0,R,GT3,T,2.0,2.0,other,other,reputation,mother,2.0,2.0,0.0,no,yes,no,yes,yes,yes,no,no,5.0,3.0,2.0,1.0,1.0,1.0,0.0,15.0,17.0,17.0
511,MS,F,17.0,U,GT3,A,1.0,0.0,other,other,other,mother,2.0,2.0,0.0,no,no,no,no,yes,yes,yes,yes,4.0,4.0,5.0,1.0,1.0,4.0,1.0,11.0,9.0,10.0
512,MS,F,18.0,R,GT3,T,1.0,1.0,at_home,other,other,mother,1.0,2.0,1.0,no,yes,no,no,yes,yes,yes,yes,4.0,3.0,2.0,1.0,1.0,5.0,9.0,7.0,7.0,7.0
513,MS,F,16.0,U,GT3,T,3.0,1.0,other,other,course,mother,1.0,1.0,0.0,no,no,no,yes,yes,yes,yes,no,3.0,1.0,3.0,1.0,3.0,1.0,0.0,8.0,6.0,8.0
514,MS,F,16.0,U,GT3,T,3.0,2.0,services,at_home,course,mother,1.0,1.0,0.0,no,no,no,no,yes,yes,yes,no,3.0,1.0,3.0,1.0,4.0,3.0,2.0,7.0,6.0,7.0
515,MS,F,18.0,U,LE3,T,1.0,1.0,other,at_home,reputation,mother,2.0,2.0,0.0,yes,no,no,no,yes,yes,no,no,2.0,3.0,5.0,1.0,4.0,3.0,8.0,9.0,8.0,10.0
516,MS,F,16.0,R,GT3,T,4.0,4.0,health,teacher,reputation,father,1.0,2.0,0.0,no,no,no,yes,no,yes,yes,yes,4.0,3.0,3.0,2.0,3.0,2.0,0.0,14.0,16.0,16.0
517,MS,F,16.0,R,LE3,T,1.0,2.0,other,other,reputation,mother,2.0,1.0,0.0,no,no,no,yes,yes,yes,yes,no,5.0,4.0,5.0,1.0,4.0,2.0,0.0,14.0,14.0,15.0
518,MS,F,18.0,U,GT3,A,2.0,4.0,other,services,reputation,father,1.0,2.0,1.0,no,yes,no,no,yes,yes,yes,no,2.0,3.0,2.0,1.0,3.0,1.0,8.0,8.0,5.0,8.0
519,MS,M,16.0,R,GT3,T,2.0,1.0,other,services,reputation,mother,2.0,2.0,0.0,no,no,no,yes,yes,yes,yes,no,5.0,2.0,1.0,1.0,1.0,2.0,0.0,8.0,7.0,0.0
520,MS,F,16.0,U,LE3,T,1.0,1.0,at_home,other,other,mother,3.0,2.0,0.0,no,yes,no,no,yes,yes,yes,no,4.0,3.0,2.0,1.0,3.0,5.0,6.0,6.0,8.0,8.0
521,MS,F,16.0,R,GT3,T,2.0,3.0,at_home,services,other,mother,2.0,2.0,0.0,no,yes,no,yes,yes,yes,yes,no,3.0,3.0,3.0,1.0,1.0,2.0,0.0,8.0,10.0,10.0
522,MS,F,16.0,U,GT3,T,4.0,4.0,health,health,course,mother,1.0,2.0,0.0,no,yes,no,no,yes,yes,yes,yes,4.0,3.0,4.0,1.0,2.0,3.0,4.0,8.0,8.0,8.0
523,MS,M,18.0,U,LE3,T,4.0,4.0,at_home,health,home,mother,1.0,4.0,0.0,no,yes,no,yes,yes,no,yes,yes,5.0,5.0,5.0,5.0,5.0,5.0,2.0,5.0,6.0,6.0
524,MS,F,16.0,R,LE3,T,3.0,4.0,at_home,other,other,mother,3.0,2.0,0.0,no,yes,no,no,no,yes,no,no,4.0,2.0,1.0,1.0,1.0,2.0,2.0,7.0,9.0,8.0
525,MS,M,17.0,U,LE3,T,4.0,4.0,other,services,home,mother,1.0,3.0,0.0,no,yes,no,no,yes,yes,yes,no,4.0,4.0,3.0,1.0,2.0,5.0,0.0,15.0,14.0,16.0
526,MS,F,17.0,R,GT3,T,4.0,1.0,other,other,other,mother,1.0,1.0,0.0,no,no,no,no,yes,yes,yes,yes,4.0,2.0,3.0,1.0,2.0,5.0,1.0,13.0,14.0,14.0
527,MS,M,16.0,U,LE3,T,2.0,2.0,services,services,other,mother,4.0,3.0,0.0,no,no,no,no,yes,yes,no,no,5.0,1.0,3.0,2.0,2.0,3.0,0.0,10.0,9.0,10.0
528,MS,F,17.0,R,GT3,T,2.0,2.0,at_home,other,other,mother,1.0,1.0,0.0,no,yes,yes,no,yes,yes,yes,no,5.0,1.0,3.0,1.0,2.0,5.0,5.0,9.0,9.0,9.0
529,MS,F,16.0,U,LE3,T,4.0,4.0,services,services,other,father,2.0,1.0,0.0,no,yes,no,no,yes,yes,no,no,5.0,1.0,3.0,1.0,2.0,5.0,1.0,11.0,11.0,11.0
530,MS,M,17.0,U,GT3,T,3.0,3.0,services,services,home,mother,1.0,1.0,0.0,no,yes,no,yes,yes,yes,yes,no,4.0,1.0,4.0,5.0,5.0,3.0,8.0,7.0,10.0,9.0
531,MS,M,17.0,U,GT3,T,1.0,1.0,at_home,services,other,mother,3.0,2.0,0.0,no,no,no,no,yes,yes,yes,yes,5.0,1.0,3.0,3.0,3.0,1.0,0.0,10.0,10.0,10.0
532,MS,M,16.0,U,GT3,T,2.0,1.0,health,services,other,mother,2.0,2.0,0.0,no,no,no,no,no,yes,yes,yes,4.0,2.0,2.0,1.0,4.0,5.0,2.0,9.0,7.0,8.0
533,MS,F,16.0,U,LE3,T,2.0,1.0,other,services,other,mother,1.0,2.0,0.0,no,no,no,no,yes,yes,yes,yes,3.0,2.0,2.0,1.0,1.0,3.0,0.0,14.0,15.0,16.0
534,MS,M,16.0,U,LE3,T,4.0,4.0,teacher,health,other,father,1.0,1.0,0.0,no,yes,no,no,yes,yes,yes,no,4.0,1.0,2.0,2.0,5.0,5.0,0.0,11.0,12.0,12.0
535,MS,M,15.0,R,GT3,T,1.0,2.0,other,services,course,mother,3.0,2.0,0.0,no,yes,no,yes,yes,yes,no,no,5.0,5.0,5.0,1.0,3.0,5.0,11.0,9.0,11.0,10.0
536,MS,M,15.0,U,LE3,A,2.0,2.0,other,other,reputation,mother,3.0,4.0,0.0,no,yes,no,yes,yes,yes,no,no,5.0,4.0,5.0,2.0,3.0,5.0,8.0,13.0,14.0,14.0
537,MS,M,15.0,U,LE3,A,2.0,1.0,services,services,course,mother,1.0,1.0,0.0,no,no,no,yes,yes,yes,yes,no,4.0,3.0,3.0,1.0,2.0,5.0,11.0,12.0,13.0,12.0
538,MS,F,16.0,R,LE3,T,2.0,2.0,other,other,course,mother,1.0,3.0,0.0,no,yes,no,no,no,yes,no,yes,4.0,3.0,3.0,2.0,2.0,5.0,2.0,11.0,11.0,11.0
539,MS,F,16.0,U,LE3,T,4.0,1.0,other,other,home,mother,2.0,2.0,0.0,no,yes,no,yes,yes,yes,yes,no,1.0,2.0,4.0,2.0,2.0,1.0,8.0,9.0,10.0,10.0
540,MS,F,17.0,U,GT3,T,3.0,2.0,at_home,other,home,mother,2.0,1.0,0.0,no,no,no,no,yes,yes,no,yes,4.0,3.0,3.0,2.0,2.0,1.0,5.0,9.0,11.0,11.0
541,MS,F,17.0,R,GT3,T,2.0,2.0,other,other,other,mother,2.0,2.0,0.0,yes,no,yes,no,yes,yes,no,no,5.0,1.0,3.0,1.0,1.0,5.0,0.0,11.0,9.0,11.0
542,MS,F,16.0,U,GT3,T,4.0,4.0,teacher,services,course,mother,2.0,3.0,0.0,no,yes,no,no,yes,yes,yes,yes,5.0,3.0,5.0,1.0,4.0,5.0,1.0,10.0,11.0,12.0
543,MS,M,17.0,R,GT3,T,4.0,4.0,health,other,course,father,3.0,1.0,3.0,no,no,no,yes,yes,yes,yes,yes,3.0,3.0,3.0,1.0,3.0,5.0,2.0,9.0,9.0,8.0
544,MS,M,17.0,R,LE3,T,1.0,3.0,other,other,course,father,2.0,1.0,0.0,no,no,no,yes,yes,yes,no,yes,5.0,1.0,2.0,3.0,3.0,5.0,2.0,12.0,11.0,12.0
545,MS,M,17.0,U,GT3,T,3.0,4.0,services,other,other,mother,1.0,2.0,1.0,no,yes,no,yes,no,yes,yes,yes,5.0,4.0,4.0,3.0,4.0,5.0,8.0,8.0,9.0,8.0
546,MS,F,17.0,U,GT3,T,4.0,4.0,health,health,course,father,1.0,2.0,0.0,no,yes,no,no,yes,yes,yes,no,5.0,2.0,5.0,1.0,1.0,5.0,0.0,13.0,15.0,16.0
547,MS,M,16.0,R,LE3,T,4.0,1.0,other,at_home,other,father,1.0,1.0,0.0,no,no,no,no,yes,yes,yes,no,4.0,1.0,2.0,2.0,1.0,2.0,0.0,10.0,11.0,11.0
548,MS,F,17.0,U,GT3,A,1.0,1.0,at_home,at_home,other,mother,1.0,2.0,0.0,no,no,no,yes,yes,yes,yes,yes,4.0,5.0,5.0,1.0,2.0,3.0,2.0,11.0,10.0,11.0
549,MS,F,17.0,R,GT3,T,4.0,2.0,other,other,course,mother,2.0,2.0,0.0,yes,yes,no,no,no,yes,yes,no,4.0,3.0,3.0,2.0,3.0,5.0,0.0,17.0,18.0,18.0
550,MS,M,16.0,U,LE3,A,2.0,2.0,other,services,course,father,2.0,2.0,0.0,no,yes,no,no,no,yes,yes,yes,4.0,1.0,2.0,2.0,2.0,5.0,0.0,12.0,13.0,13.0
551,MS,M,17.0,U,GT3,T,3.0,2.0,other,other,other,father,2.0,2.0,0.0,no,yes,yes,no,yes,yes,yes,no,4.0,1.0,2.0,2.0,2.0,1.0,0.0,13.0,14.0,13.0
552,MS,M,19.0,U,GT3,T,1.0,1.0,other,other,other,mother,1.0,2.0,2.0,no,yes,no,yes,yes,no,yes,no,4.0,4.0,3.0,3.0,4.0,4.0,2.0,9.0,9.0,10.0
553,MS,M,17.0,U,LE3,A,1.0,0.0,other,other,home,mother,1.0,1.0,0.0,no,no,no,no,yes,yes,no,yes,4.0,1.0,2.0,1.0,1.0,5.0,4.0,11.0,11.0,12.0
554,MS,F,17.0,R,GT3,T,1.0,1.0,at_home,at_home,course,father,2.0,1.0,0.0,no,yes,no,yes,yes,no,yes,yes,3.0,5.0,5.0,2.0,2.0,4.0,3.0,10.0,11.0,10.0
555,MS,F,16.0,R,GT3,T,1.0,2.0,other,other,home,father,1.0,3.0,0.0,yes,yes,no,no,no,yes,yes,yes,4.0,3.0,4.0,1.0,1.0,3.0,5.0,13.0,14.0,13.0
556,MS,M,16.0,R,LE3,T,1.0,2.0,other,at_home,course,mother,1.0,1.0,0.0,no,no,no,no,yes,yes,no,no,4.0,4.0,4.0,2.0,4.0,5.0,4.0,9.0,10.0,11.0
557,MS,F,17.0,R,GT3,T,3.0,1.0,other,other,course,mother,2.0,2.0,3.0,no,yes,no,yes,no,yes,yes,yes,5.0,4.0,4.0,1.0,1.0,5.0,2.0,7.0,9.0,10.0
558,MS,M,17.0,R,GT3,T,2.0,2.0,other,other,course,mother,2.0,1.0,0.0,no,no,no,yes,yes,no,no,yes,5.0,5.0,5.0,3.0,5.0,5.0,0.0,8.0,13.0,10.0
559,MS,M,18.0,R,GT3,T,1.0,0.0,at_home,at_home,course,other,3.0,1.0,1.0,yes,yes,no,no,yes,yes,no,no,4.0,3.0,2.0,1.0,1.0,4.0,0.0,12.0,12.0,13.0
560,MS,M,17.0,R,GT3,T,1.0,1.0,other,services,course,mother,2.0,1.0,0.0,no,yes,no,yes,no,yes,yes,yes,4.0,5.0,5.0,1.0,3.0,2.0,0.0,10.0,9.0,10.0
561,MS,M,18.0,U,LE3,T,1.0,1.0,at_home,at_home,course,mother,2.0,2.0,0.0,no,yes,no,yes,yes,yes,no,no,4.0,3.0,3.0,1.0,4.0,5.0,6.0,10.0,9.0,10.0
562,MS,F,16.0,R,LE3,T,2.0,2.0,other,services,course,father,1.0,2.0,0.0,no,no,no,yes,yes,yes,no,yes,5.0,4.0,3.0,1.0,1.0,1.0,0.0,11.0,13.0,12.0
563,MS,M,17.0,U,GT3,T,2.0,2.0,other,other,course,mother,1.0,1.0,1.0,no,no,no,yes,yes,yes,no,yes,1.0,2.0,1.0,2.0,3.0,5.0,0.0,7.0,0.0,0.0
564,MS,M,16.0,R,GT3,T,3.0,2.0,services,other,course,father,2.0,1.0,0.0,no,no,no,no,yes,yes,yes,no,4.0,5.0,5.0,2.0,3.0,5.0,2.0,11.0,9.0,10.0
565,MS,M,16.0,R,LE3,T,1.0,1.0,at_home,other,course,mother,2.0,1.0,0.0,no,no,no,yes,yes,yes,yes,no,4.0,5.0,5.0,2.0,4.0,5.0,0.0,10.0,10.0,9.0
566,MS,M,18.0,R,GT3,T,1.0,1.0,services,other,course,other,2.0,1.0,1.0,no,yes,no,no,yes,no,yes,yes,5.0,3.0,3.0,2.0,3.0,5.0,2.0,9.0,7.0,9.0
567,MS,M,18.0,R,GT3,T,3.0,2.0,services,other,course,mother,1.0,1.0,1.0,no,no,no,no,yes,no,yes,no,2.0,3.0,1.0,2.0,2.0,5.0,0.0,4.0,0.0,0.0
568,MS,M,19.0,U,GT3,T,3.0,2.0,at_home,services,course,mother,2.0,1.0,3.0,no,no,no,yes,yes,yes,no,no,3.0,2.0,1.0,1.0,1.0,3.0,4.0,6.0,11.0,9.0
569,MS,M,18.0,U,GT3,T,3.0,3.0,at_home,at_home,course,mother,1.0,2.0,2.0,no,yes,no,yes,yes,no,yes,no,4.0,4.0,5.0,1.0,3.0,3.0,9.0,4.0,8.0,8.0
570,MS,M,16.0,R,GT3,T,2.0,2.0,services,services,course,mother,2.0,1.0,0.0,no,yes,no,yes,yes,yes,yes,yes,5.0,4.0,3.0,2.0,4.0,4.0,6.0,7.0,8.0,8.0
571,MS,M,19.0,U,GT3,T,2.0,1.0,at_home,other,course,other,2.0,1.0,3.0,no,no,no,yes,no,no,yes,yes,4.0,4.0,3.0,1.0,3.0,5.0,4.0,8.0,9.0,9.0
572,MS,F,16.0,U,GT3,A,3.0,2.0,services,at_home,course,mother,2.0,2.0,2.0,no,yes,no,yes,yes,yes,no,yes,2.0,5.0,5.0,1.0,1.0,1.0,8.0,5.0,5.0,7.0
573,MS,F,17.0,U,GT3,T,1.0,1.0,other,at_home,course,mother,1.0,1.0,0.0,no,yes,no,yes,yes,yes,no,no,4.0,3.0,2.0,1.0,2.0,5.0,9.0,7.0,9.0,10.0
574,MS,M,20.0,R,GT3,T,1.0,1.0,other,other,course,other,2.0,1.0,1.0,no,yes,no,no,yes,no,yes,yes,4.0,4.0,3.0,2.0,4.0,4.0,12.0,8.0,11.0,10.0
575,MS,F,18.0,R,GT3,A,4.0,3.0,services,services,course,mother,1.0,1.0,0.0,no,yes,no,no,yes,yes,yes,no,5.0,4.0,4.0,3.0,4.0,2.0,8.0,10.0,11.0,10.0
576,MS,M,18.0,R,GT3,T,3.0,2.0,other,other,course,mother,2.0,1.0,0.0,no,yes,no,no,no,yes,yes,no,2.0,5.0,5.0,5.0,5.0,5.0,8.0,9.0,10.0,11.0
577,MS,M,19.0,R,GT3,T,1.0,1.0,other,services,home,other,3.0,2.0,1.0,no,no,no,no,yes,yes,yes,no,5.0,4.0,4.0,3.0,3.0,2.0,8.0,10.0,9.0,11.0
578,MS,M,17.0,U,GT3,T,3.0,3.0,health,other,course,mother,2.0,2.0,1.0,no,yes,no,no,yes,yes,yes,no,4.0,5.0,4.0,2.0,3.0,3.0,4.0,8.0,9.0,10.0
579,MS,M,18.0,U,LE3,T,1.0,3.0,at_home,services,course,mother,1.0,1.0,0.0,no,no,no,no,yes,no,yes,yes,4.0,3.0,3.0,2.0,3.0,3.0,0.0,9.0,10.0,9.0
580,MS,M,19.0,R,GT3,T,1.0,1.0,other,other,home,other,3.0,1.0,1.0,no,yes,no,no,yes,yes,yes,no,4.0,4.0,4.0,3.0,3.0,5.0,4.0,8.0,9.0,10.0
581,MS,F,18.0,U,GT3,A,1.0,2.0,at_home,other,course,mother,2.0,2.0,2.0,no,yes,no,no,yes,yes,no,no,4.0,3.0,3.0,1.0,1.0,5.0,2.0,6.0,8.0,8.0
582,MS,F,19.0,U,LE3,A,1.0,1.0,at_home,other,course,mother,1.0,1.0,0.0,no,yes,no,no,yes,no,no,no,1.0,4.0,4.0,1.0,1.0,5.0,0.0,6.0,8.0,7.0
583,MS,F,18.0,R,GT3,T,2.0,2.0,other,other,other,mother,2.0,1.0,1.0,no,no,no,no,yes,no,yes,yes,5.0,5.0,5.0,1.0,1.0,3.0,0.0,8.0,6.0,0.0
584,MS,F,17.0,R,GT3,T,0.0,0.0,at_home,other,course,mother,2.0,1.0,0.0,no,yes,no,no,yes,yes,yes,no,4.0,4.0,3.0,1.0,1.0,5.0,0.0,10.0,11.0,11.0
585,MS,F,17.0,R,LE3,A,3.0,1.0,other,at_home,course,other,2.0,3.0,0.0,no,yes,yes,no,yes,no,no,no,4.0,2.0,3.0,2.0,2.0,3.0,5.0,8.0,7.0,8.0
586,MS,F,17.0,U,GT3,T,4.0,2.0,teacher,services,home,mother,1.0,2.0,0.0,yes,yes,no,yes,yes,yes,yes,no,5.0,5.0,5.0,1.0,3.0,5.0,0.0,8.0,8.0,0.0
587,MS,F,18.0,R,LE3,T,2.0,2.0,services,services,course,mother,1.0,2.0,1.0,no,yes,no,yes,yes,yes,yes,no,2.0,3.0,3.0,1.0,2.0,4.0,3.0,7.0,6.0,8.0
588,MS,F,17.0,U,GT3,T,4.0,1.0,health,at_home,course,mother,1.0,1.0,0.0,no,yes,no,no,yes,yes,no,yes,3.0,2.0,2.0,1.0,1.0,5.0,0.0,8.0,10.0,9.0
589,MS,F,17.0,U,LE3,T,1.0,2.0,at_home,other,course,father,1.0,1.0,0.0,no,no,no,no,yes,yes,yes,no,5.0,5.0,1.0,1.0,1.0,3.0,0.0,7.0,10.0,10.0
590,MS,F,18.0,U,GT3,T,1.0,1.0,other,other,course,mother,3.0,2.0,2.0,no,no,no,yes,yes,yes,no,yes,3.0,4.0,4.0,2.0,2.0,5.0,3.0,7.0,8.0,7.0
591,MS,F,18.0,U,GT3,T,2.0,2.0,services,at_home,reputation,father,2.0,2.0,0.0,no,no,no,yes,no,yes,yes,no,4.0,3.0,5.0,1.0,1.0,1.0,2.0,12.0,13.0,14.0
592,MS,F,17.0,U,GT3,T,3.0,3.0,services,services,course,mother,2.0,1.0,0.0,no,yes,no,no,yes,yes,yes,no,4.0,4.0,3.0,1.0,1.0,4.0,0.0,11.0,12.0,13.0
593,MS,F,18.0,U,LE3,A,1.0,2.0,at_home,other,reputation,mother,2.0,2.0,0.0,no,no,no,no,yes,yes,yes,no,4.0,4.0,3.0,1.0,2.0,4.0,0.0,12.0,13.0,14.0
594,MS,F,18.0,U,GT3,T,4.0,4.0,teacher,teacher,reputation,mother,2.0,2.0,0.0,no,no,no,yes,no,yes,yes,no,4.0,3.0,5.0,1.0,2.0,1.0,0.0,18.0,18.0,18.0
595,MS,M,18.0,U,LE3,T,4.0,4.0,services,other,reputation,mother,1.0,1.0,0.0,no,yes,no,yes,yes,yes,yes,no,5.0,4.0,5.0,1.0,1.0,5.0,3.0,17.0,17.0,17.0
596,MS,F,17.0,U,GT3,T,4.0,2.0,other,other,course,mother,2.0,2.0,0.0,no,yes,no,no,yes,yes,yes,no,4.0,3.0,3.0,1.0,2.0,4.0,0.0,17.0,18.0,18.0
597,MS,F,18.0,R,GT3,T,2.0,2.0,at_home,other,course,mother,3.0,2.0,1.0,no,no,no,yes,yes,yes,no,yes,4.0,3.0,3.0,1.0,1.0,4.0,0.0,9.0,0.0,0.0
598,MS,M,18.0,U,LE3,T,1.0,2.0,at_home,services,home,mother,2.0,1.0,0.0,no,yes,no,no,no,yes,no,no,4.0,1.0,4.0,5.0,5.0,1.0,8.0,10.0,11.0,11.0
599,MS,M,18.0,R,GT3,T,4.0,4.0,at_home,services,other,mother,3.0,1.0,0.0,no,yes,yes,yes,yes,yes,yes,yes,2.0,5.0,5.0,1.0,1.0,1.0,5.0,12.0,13.0,14.0
600,MS,M,17.0,R,GT3,T,1.0,1.0,other,services,other,father,3.0,1.0,0.0,no,no,no,no,no,no,no,no,4.0,2.0,3.0,3.0,4.0,4.0,4.0,12.0,13.0,14.0
601,MS,F,18.0,U,GT3,T,2.0,2.0,other,other,course,mother,2.0,2.0,0.0,no,yes,no,no,no,yes,yes,yes,1.0,3.0,1.0,1.0,1.0,2.0,4.0,8.0,8.0,10.0
602,MS,F,18.0,U,LE3,T,2.0,2.0,services,services,course,father,2.0,3.0,0.0,no,no,no,no,yes,yes,yes,yes,5.0,4.0,5.0,1.0,4.0,3.0,0.0,11.0,12.0,13.0
603,MS,F,18.0,R,LE3,A,4.0,2.0,teacher,other,reputation,mother,1.0,2.0,0.0,no,no,no,yes,yes,yes,yes,yes,5.0,3.0,1.0,1.0,1.0,5.0,0.0,5.0,0.0,0.0
604,MS,F,18.0,U,GT3,T,1.0,1.0,at_home,services,course,mother,3.0,2.0,1.0,no,no,no,no,yes,no,no,no,4.0,4.0,2.0,1.0,2.0,2.0,2.0,9.0,10.0,10.0
605,MS,F,19.0,U,GT3,T,1.0,1.0,at_home,services,other,father,2.0,1.0,1.0,no,no,no,no,yes,no,no,no,5.0,5.0,5.0,2.0,3.0,2.0,0.0,5.0,0.0,0.0
606,MS,F,17.0,U,GT3,T,4.0,2.0,teacher,other,course,father,2.0,4.0,0.0,no,no,no,no,yes,yes,yes,yes,4.0,2.0,3.0,3.0,1.0,5.0,0.0,18.0,18.0,18.0
607,MS,F,17.0,R,LE3,A,2.0,1.0,services,other,reputation,mother,2.0,2.0,0.0,no,no,no,yes,yes,yes,yes,yes,5.0,3.0,3.0,1.0,2.0,2.0,5.0,11.0,11.0,12.0
608,MS,F,18.0,U,LE3,A,1.0,1.0,at_home,services,course,mother,1.0,2.0,0.0,no,no,no,no,yes,yes,no,yes,5.0,2.0,3.0,1.0,2.0,3.0,2.0,8.0,10.0,11.0
609,MS,F,18.0,U,GT3,T,1.0,2.0,at_home,at_home,course,father,2.0,2.0,0.0,no,yes,no,no,yes,no,no,no,4.0,1.0,1.0,1.0,1.0,4.0,0.0,11.0,11.0,12.0
610,MS,F,19.0,R,GT3,A,1.0,1.0,at_home,at_home,course,other,2.0,2.0,3.0,no,yes,no,yes,yes,no,no,yes,3.0,5.0,4.0,1.0,4.0,1.0,0.0,8.0,0.0,0.0
611,MS,F,18.0,R,GT3,T,2.0,2.0,services,other,home,mother,2.0,3.0,0.0,no,no,no,no,yes,yes,yes,yes,4.0,2.0,1.0,1.0,1.0,4.0,5.0,14.0,14.0,15.0
612,MS,M,17.0,R,GT3,T,4.0,3.0,services,other,home,mother,2.0,2.0,1.0,no,yes,yes,yes,no,yes,yes,yes,4.0,5.0,5.0,1.0,3.0,2.0,4.0,10.0,11.0,11.0
613,MS,F,18.0,U,GT3,T,3.0,3.0,services,services,course,father,1.0,2.0,0.0,no,yes,no,no,yes,yes,no,yes,5.0,3.0,4.0,1.0,1.0,5.0,0.0,10.0,10.0,10.0
614,MS,F,17.0,R,GT3,T,4.0,4.0,teacher,services,other,father,2.0,2.0,0.0,no,yes,yes,yes,yes,yes,yes,no,4.0,3.0,3.0,1.0,2.0,5.0,2.0,12.0,12.0,12.0
615,MS,F,17.0,U,LE3,A,3.0,2.0,services,other,reputation,mother,2.0,2.0,0.0,no,no,no,no,yes,yes,no,yes,1.0,2.0,3.0,1.0,2.0,5.0,0.0,15.0,14.0,15.0
616,MS,M,18.0,U,LE3,T,1.0,1.0,other,services,home,father,2.0,1.0,0.0,no,no,no,no,no,yes,yes,yes,3.0,3.0,2.0,1.0,2.0,3.0,2.0,14.0,13.0,14.0
617,MS,F,18.0,U,LE3,T,1.0,1.0,at_home,services,course,father,2.0,3.0,0.0,no,no,no,no,yes,yes,yes,no,5.0,3.0,2.0,1.0,1.0,4.0,0.0,19.0,17.0,18.0
618,MS,F,18.0,R,LE3,A,1.0,2.0,at_home,other,course,mother,3.0,2.0,0.0,no,no,no,no,yes,yes,no,yes,4.0,3.0,4.0,1.0,4.0,5.0,0.0,16.0,15.0,15.0
619,MS,F,18.0,U,GT3,T,3.0,3.0,services,services,other,mother,2.0,2.0,0.0,no,yes,no,no,yes,yes,yes,yes,4.0,3.0,2.0,1.0,3.0,3.0,6.0,13.0,12.0,13.0
620,MS,F,17.0,U,LE3,T,4.0,4.0,at_home,at_home,course,mother,1.0,2.0,0.0,no,yes,no,yes,yes,yes,yes,yes,2.0,3.0,4.0,1.0,1.0,1.0,4.0,15.0,14.0,15.0
621,MS,F,17.0,R,GT3,T,1.0,2.0,other,services,course,father,2.0,2.0,0.0,no,no,no,no,no,yes,no,no,3.0,2.0,2.0,1.0,2.0,3.0,0.0,13.0,13.0,13.0
622,MS,M,18.0,R,GT3,T,1.0,3.0,at_home,other,course,mother,2.0,2.0,0.0,no,yes,yes,no,yes,yes,no,no,3.0,3.0,4.0,2.0,4.0,3.0,0.0,8.0,10.0,9.0
623,MS,M,18.0,U,LE3,T,4.0,4.0,teacher,services,other,mother,2.0,3.0,0.0,no,no,no,no,yes,yes,yes,yes,4.0,2.0,2.0,2.0,2.0,5.0,0.0,15.0,16.0,16.0
624,MS,F,17.0,R,GT3,T,1.0,1.0,other,services,reputation,mother,3.0,1.0,1.0,no,yes,no,no,yes,yes,yes,yes,5.0,2.0,1.0,1.0,2.0,1.0,0.0,8.0,8.0,9.0
625,MS,F,18.0,U,GT3,T,2.0,3.0,at_home,services,course,father,2.0,1.0,0.0,no,yes,no,no,yes,yes,yes,yes,5.0,2.0,3.0,1.0,2.0,4.0,0.0,10.0,10.0,10.0
626,MS,F,18.0,R,GT3,T,4.0,4.0,other,teacher,other,father,3.0,2.0,0.0,no,yes,no,no,no,yes,yes,yes,3.0,2.0,2.0,4.0,2.0,5.0,0.0,7.0,5.0,0.0
627,MS,M,18.0,R,LE3,T,1.0,2.0,at_home,services,other,father,3.0,1.0,0.0,no,yes,no,yes,yes,no,yes,yes,4.0,3.0,3.0,2.0,3.0,3.0,3.0,9.0,10.0,10.0
628,MS,F,17.0,U,GT3,T,2.0,2.0,other,at_home,home,mother,1.0,3.0,0.0,no,no,no,yes,yes,yes,no,yes,3.0,4.0,3.0,1.0,1.0,3.0,8.0,10.0,11.0,12.0
629,MS,F,17.0,R,GT3,T,1.0,2.0,other,other,course,mother,1.0,1.0,0.0,no,no,no,yes,yes,yes,yes,no,3.0,5.0,5.0,1.0,3.0,1.0,4.0,7.0,8.0,9.0
630,MS,F,18.0,R,LE3,T,4.0,4.0,other,other,reputation,mother,2.0,3.0,0.0,no,no,no,no,yes,yes,yes,no,5.0,4.0,4.0,1.0,1.0,1.0,0.0,15.0,17.0,17.0
631,MS,F,18.0,R,GT3,T,1.0,1.0,other,other,home,mother,4.0,3.0,0.0,no,no,no,no,yes,yes,yes,no,4.0,3.0,2.0,1.0,2.0,4.0,4.0,10.0,11.0,12.0
632,MS,F,19.0,R,GT3,T,1.0,1.0,at_home,other,course,other,2.0,2.0,1.0,no,yes,no,no,yes,yes,yes,yes,4.0,3.0,3.0,1.0,1.0,3.0,4.0,7.0,8.0,9.0
633,MS,F,18.0,R,LE3,T,4.0,4.0,teacher,services,course,mother,1.0,2.0,0.0,no,no,no,yes,yes,yes,yes,no,5.0,4.0,3.0,3.0,4.0,2.0,1.0,13.0,14.0,14.0
634,MS,F,18.0,U,GT3,T,3.0,3.0,other,other,home,mother,1.0,2.0,0.0,no,no,no,no,yes,yes,yes,yes,4.0,1.0,3.0,1.0,2.0,1.0,1.0,16.0,16.0,16.0
635,MS,F,17.0,R,GT3,T,3.0,1.0,at_home,other,reputation,mother,1.0,2.0,0.0,no,yes,no,yes,no,yes,yes,no,4.0,5.0,4.0,2.0,3.0,1.0,10.0,8.0,9.0,9.0
636,MS,M,18.0,U,GT3,T,4.0,4.0,teacher,teacher,home,father,1.0,2.0,0.0,no,no,no,yes,no,yes,yes,no,3.0,2.0,4.0,1.0,4.0,2.0,4.0,17.0,18.0,19.0
637,MS,M,18.0,R,GT3,T,2.0,1.0,other,other,other,mother,2.0,1.0,0.0,no,no,no,yes,no,yes,yes,yes,4.0,4.0,3.0,1.0,3.0,5.0,0.0,7.0,7.0,0.0
638,MS,M,17.0,U,GT3,T,2.0,3.0,other,services,home,father,2.0,2.0,0.0,no,no,no,yes,yes,yes,yes,no,4.0,4.0,3.0,1.0,1.0,3.0,4.0,14.0,15.0,16.0
639,MS,M,19.0,R,GT3,T,1.0,1.0,other,services,other,mother,2.0,1.0,1.0,no,no,no,no,yes,yes,no,no,4.0,3.0,2.0,1.0,3.0,5.0,0.0,5.0,8.0,0.0
640,MS,M,18.0,R,GT3,T,4.0,2.0,other,other,home,father,2.0,1.0,1.0,no,no,yes,no,yes,yes,no,no,5.0,4.0,3.0,4.0,3.0,3.0,0.0,7.0,7.0,0.0
641,MS,F,18.0,R,GT3,T,2.0,2.0,at_home,other,other,mother,2.0,3.0,0.0,no,no,no,no,yes,yes,no,no,5.0,3.0,3.0,1.0,3.0,4.0,0.0,14.0,17.0,15.0
642,MS,F,17.0,U,GT3,T,4.0,3.0,teacher,other,other,mother,2.0,2.0,0.0,no,no,no,no,yes,yes,yes,no,5.0,5.0,4.0,1.0,1.0,1.0,0.0,6.0,9.0,11.0
643,MS,F,18.0,R,GT3,T,4.0,4.0,teacher,at_home,reputation,mother,3.0,1.0,0.0,no,yes,no,yes,yes,yes,yes,yes,4.0,4.0,3.0,2.0,2.0,5.0,4.0,7.0,9.0,10.0
644,MS,F,19.0,R,GT3,T,2.0,3.0,services,other,course,mother,1.0,3.0,1.0,no,no,no,yes,no,yes,yes,no,5.0,4.0,2.0,1.0,2.0,5.0,4.0,10.0,11.0,10.0
645,MS,F,18.0,U,LE3,T,3.0,1.0,teacher,services,course,mother,1.0,2.0,0.0,no,yes,no,no,yes,yes,yes,no,4.0,3.0,4.0,1.0,1.0,1.0,4.0,15.0,15.0,16.0
646,MS,F,18.0,U,GT3,T,1.0,1.0,other,other,course,mother,2.0,2.0,0.0,no,no,no,yes,yes,yes,no,no,1.0,1.0,1.0,1.0,1.0,5.0,6.0,11.0,12.0,9.0
647,MS,M,17.0,U,LE3,T,3.0,1.0,services,services,course,mother,2.0,1.0,0.0,no,no,no,no,no,yes,yes,no,2.0,4.0,5.0,3.0,4.0,2.0,6.0,10.0,10.0,10.0
648,MS,M,18.0,R,LE3,T,3.0,2.0,services,other,course,mother,3.0,1.0,0.0,no,no,no,no,no,yes,yes,no,4.0,4.0,1.0,3.0,4.0,5.0,4.0,10.0,11.0,11.0
