Dataset Name,Column,Distribution,Kolmogorov-Smirnov Test
2023 Netflix Engagement Dataset,Hours Viewed,Exponential,"{""p value"": 0.0, ""conclusion"": ""Non-compliance""}"
2023 Netflix Engagement Dataset,Number of Ratings,Exponential,"{""p value"": 0.0, ""conclusion"": ""Non-compliance""}"
2023 Netflix Engagement Dataset,Rating,Exponential,"{""p value"": 0.0, ""conclusion"": ""Non-compliance""}"
2023 Netflix Engagement Dataset,Hours Viewed,Uniform,"{""p value"": 0.0, ""conclusion"": ""Non-compliance""}"
2023 Netflix Engagement Dataset,Number of Ratings,Uniform,"{""p value"": 0.0, ""conclusion"": ""Non-compliance""}"
2023 Netflix Engagement Dataset,Rating,Uniform,"{""p value"": 0.0, ""conclusion"": ""Non-compliance""}"
2023 Netflix Engagement Dataset,Hours Viewed,Gamma,"{""p value"": 0.0, ""conclusion"": ""Non-compliance""}"
2023 Netflix Engagement Dataset,Number of Ratings,Gamma,"{""p value"": 0.0, ""conclusion"": ""Non-compliance""}"
2023 Netflix Engagement Dataset,Rating,Gamma,"{""p value"": 0.0, ""conclusion"": ""Non-compliance""}"
Advertising Budget and Sales Dataset,TV Ad Budget ($),Exponential,"{""p value"": 0.0, ""conclusion"": ""Non-compliance""}"
Advertising Budget and Sales Dataset,Radio Ad Budget ($),Exponential,"{""p value"": 0.0, ""conclusion"": ""Non-compliance""}"
Advertising Budget and Sales Dataset,Newspaper Ad Budget ($),Exponential,"{""p value"": 0.0, ""conclusion"": ""Non-compliance""}"
Advertising Budget and Sales Dataset,Sales ($),Exponential,"{""p value"": 0.0, ""conclusion"": ""Non-compliance""}"
Advertising Budget and Sales Dataset,Newspaper Ad Budget ($),Uniform,"{""p value"": 0.0, ""conclusion"": ""Non-compliance""}"
Advertising Budget and Sales Dataset,Sales ($),Uniform,"{""p value"": 8e-05, ""conclusion"": ""Non-compliance""}"
Advertising Budget and Sales Dataset,TV Ad Budget ($),Gamma,"{""p value"": 0.0, ""conclusion"": ""Non-compliance""}"
Advertising Budget and Sales Dataset,Radio Ad Budget ($),Gamma,"{""p value"": 0.0, ""conclusion"": ""Non-compliance""}"
Advertising Budget and Sales Dataset,Newspaper Ad Budget ($),Gamma,"{""p value"": 0.0, ""conclusion"": ""Non-compliance""}"
Advertising Budget and Sales Dataset,Sales ($),Gamma,"{""p value"": 0.0, ""conclusion"": ""Non-compliance""}"
Bank Customer Churn Prediction Dataset,CreditScore,Exponential,"{""p value"": 0.0, ""conclusion"": ""Non-compliance""}"
Bank Customer Churn Prediction Dataset,Age,Exponential,"{""p value"": 0.0, ""conclusion"": ""Non-compliance""}"
Bank Customer Churn Prediction Dataset,Tenure,Exponential,"{""p value"": 0.0, ""conclusion"": ""Non-compliance""}"
Bank Customer Churn Prediction Dataset,Balance,Exponential,"{""p value"": 0.0, ""conclusion"": ""Non-compliance""}"
Bank Customer Churn Prediction Dataset,NumOfProducts,Exponential,"{""p value"": 0.0, ""conclusion"": ""Non-compliance""}"
Bank Customer Churn Prediction Dataset,EstimatedSalary,Exponential,"{""p value"": 0.0, ""conclusion"": ""Non-compliance""}"
Bank Customer Churn Prediction Dataset,CreditScore,Uniform,"{""p value"": 0.0, ""conclusion"": ""Non-compliance""}"
Bank Customer Churn Prediction Dataset,Age,Uniform,"{""p value"": 0.0, ""conclusion"": ""Non-compliance""}"
Bank Customer Churn Prediction Dataset,Tenure,Uniform,"{""p value"": 0.0, ""conclusion"": ""Non-compliance""}"
Bank Customer Churn Prediction Dataset,Balance,Uniform,"{""p value"": 0.0, ""conclusion"": ""Non-compliance""}"
Bank Customer Churn Prediction Dataset,NumOfProducts,Uniform,"{""p value"": 0.0, ""conclusion"": ""Non-compliance""}"
Bank Customer Churn Prediction Dataset,CreditScore,Gamma,"{""p value"": 0.0, ""conclusion"": ""Non-compliance""}"
Bank Customer Churn Prediction Dataset,Age,Gamma,"{""p value"": 0.0, ""conclusion"": ""Non-compliance""}"
Bank Customer Churn Prediction Dataset,Tenure,Gamma,"{""p value"": 0.0, ""conclusion"": ""Non-compliance""}"
Bank Customer Churn Prediction Dataset,Balance,Gamma,"{""p value"": 0.0, ""conclusion"": ""Non-compliance""}"
Bank Customer Churn Prediction Dataset,NumOfProducts,Gamma,"{""p value"": 0.0, ""conclusion"": ""Non-compliance""}"
Bank Customer Churn Prediction Dataset,EstimatedSalary,Gamma,"{""p value"": 0.0, ""conclusion"": ""Non-compliance""}"
Crop Production Dataset,Nigeria,Exponential,"{""p value"": 9e-05, ""conclusion"": ""Non-compliance""}"
Crop Production Dataset,Pakistan,Exponential,"{""p value"": 0.0, ""conclusion"": ""Non-compliance""}"
Crop Production Dataset,Japan,Exponential,"{""p value"": 0.0, ""conclusion"": ""Non-compliance""}"
Crop Production Dataset,United States,Exponential,"{""p value"": 0.0, ""conclusion"": ""Non-compliance""}"
Crop Production Dataset,Brazil,Exponential,"{""p value"": 0.0, ""conclusion"": ""Non-compliance""}"
Crop Production Dataset,Philippines,Exponential,"{""p value"": 0.0, ""conclusion"": ""Non-compliance""}"
Crop Production Dataset,Myanmar,Exponential,"{""p value"": 0.0, ""conclusion"": ""Non-compliance""}"
Crop Production Dataset,Thailand,Exponential,"{""p value"": 0.0, ""conclusion"": ""Non-compliance""}"
Crop Production Dataset,Vietnam,Exponential,"{""p value"": 0.0, ""conclusion"": ""Non-compliance""}"
Crop Production Dataset,Indonesia,Exponential,"{""p value"": 0.0, ""conclusion"": ""Non-compliance""}"
Crop Production Dataset,Bangladesh,Exponential,"{""p value"": 0.0, ""conclusion"": ""Non-compliance""}"
Crop Production Dataset,India,Exponential,"{""p value"": 0.0, ""conclusion"": ""Non-compliance""}"
Crop Production Dataset,China,Exponential,"{""p value"": 0.0, ""conclusion"": ""Non-compliance""}"
Crop Production Dataset,Brazil,Uniform,"{""p value"": 0.01176, ""conclusion"": ""Non-compliance""}"
Crop Production Dataset,Nigeria,Gamma,"{""p value"": 0.01392, ""conclusion"": ""Non-compliance""}"
Crop Production Dataset,Pakistan,Gamma,"{""p value"": 1e-05, ""conclusion"": ""Non-compliance""}"
Crop Production Dataset,Japan,Gamma,"{""p value"": 0.0, ""conclusion"": ""Non-compliance""}"
Crop Production Dataset,United States,Gamma,"{""p value"": 0.0, ""conclusion"": ""Non-compliance""}"
Crop Production Dataset,Brazil,Gamma,"{""p value"": 0.0, ""conclusion"": ""Non-compliance""}"
Crop Production Dataset,Philippines,Gamma,"{""p value"": 0.0, ""conclusion"": ""Non-compliance""}"
Crop Production Dataset,Myanmar,Gamma,"{""p value"": 0.0, ""conclusion"": ""Non-compliance""}"
Crop Production Dataset,Thailand,Gamma,"{""p value"": 0.0, ""conclusion"": ""Non-compliance""}"
Crop Production Dataset,Vietnam,Gamma,"{""p value"": 0.0, ""conclusion"": ""Non-compliance""}"
Crop Production Dataset,Indonesia,Gamma,"{""p value"": 0.0, ""conclusion"": ""Non-compliance""}"
Crop Production Dataset,Bangladesh,Gamma,"{""p value"": 0.0, ""conclusion"": ""Non-compliance""}"
Crop Production Dataset,India,Gamma,"{""p value"": 0.0, ""conclusion"": ""Non-compliance""}"
Crop Production Dataset,China,Gamma,"{""p value"": 0.0, ""conclusion"": ""Non-compliance""}"
Customer Personality Analysis Dataset,Income,Exponential,"{""p value"": 0.0, ""conclusion"": ""Non-compliance""}"
Customer Personality Analysis Dataset,Kidhome,Exponential,"{""p value"": 0.0, ""conclusion"": ""Non-compliance""}"
Customer Personality Analysis Dataset,Teenhome,Exponential,"{""p value"": 0.0, ""conclusion"": ""Non-compliance""}"
Customer Personality Analysis Dataset,Recency,Exponential,"{""p value"": 0.0, ""conclusion"": ""Non-compliance""}"
Customer Personality Analysis Dataset,MntWines,Exponential,"{""p value"": 0.0, ""conclusion"": ""Non-compliance""}"
Customer Personality Analysis Dataset,MntFruits,Exponential,"{""p value"": 0.0, ""conclusion"": ""Non-compliance""}"
Customer Personality Analysis Dataset,MntMeatProducts,Exponential,"{""p value"": 0.0, ""conclusion"": ""Non-compliance""}"
Customer Personality Analysis Dataset,MntFishProducts,Exponential,"{""p value"": 0.0, ""conclusion"": ""Non-compliance""}"
Customer Personality Analysis Dataset,MntSweetProducts,Exponential,"{""p value"": 0.0, ""conclusion"": ""Non-compliance""}"
Customer Personality Analysis Dataset,MntGoldProds,Exponential,"{""p value"": 0.0, ""conclusion"": ""Non-compliance""}"
Customer Personality Analysis Dataset,NumDealsPurchases,Exponential,"{""p value"": 0.0, ""conclusion"": ""Non-compliance""}"
Customer Personality Analysis Dataset,NumWebPurchases,Exponential,"{""p value"": 0.0, ""conclusion"": ""Non-compliance""}"
Customer Personality Analysis Dataset,NumCatalogPurchases,Exponential,"{""p value"": 0.0, ""conclusion"": ""Non-compliance""}"
Customer Personality Analysis Dataset,NumStorePurchases,Exponential,"{""p value"": 0.0, ""conclusion"": ""Non-compliance""}"
Customer Personality Analysis Dataset,NumWebVisitsMonth,Exponential,"{""p value"": 0.0, ""conclusion"": ""Non-compliance""}"
Customer Personality Analysis Dataset,Income,Uniform,"{""p value"": 0.0, ""conclusion"": ""Non-compliance""}"
Customer Personality Analysis Dataset,Kidhome,Uniform,"{""p value"": 0.0, ""conclusion"": ""Non-compliance""}"
Customer Personality Analysis Dataset,Teenhome,Uniform,"{""p value"": 0.0, ""conclusion"": ""Non-compliance""}"
Customer Personality Analysis Dataset,MntWines,Uniform,"{""p value"": 0.0, ""conclusion"": ""Non-compliance""}"
Customer Personality Analysis Dataset,MntFruits,Uniform,"{""p value"": 0.0, ""conclusion"": ""Non-compliance""}"
Customer Personality Analysis Dataset,MntMeatProducts,Uniform,"{""p value"": 0.0, ""conclusion"": ""Non-compliance""}"
Customer Personality Analysis Dataset,MntFishProducts,Uniform,"{""p value"": 0.0, ""conclusion"": ""Non-compliance""}"
Customer Personality Analysis Dataset,MntSweetProducts,Uniform,"{""p value"": 0.0, ""conclusion"": ""Non-compliance""}"
Customer Personality Analysis Dataset,MntGoldProds,Uniform,"{""p value"": 0.0, ""conclusion"": ""Non-compliance""}"
Customer Personality Analysis Dataset,NumDealsPurchases,Uniform,"{""p value"": 0.0, ""conclusion"": ""Non-compliance""}"
Customer Personality Analysis Dataset,NumWebPurchases,Uniform,"{""p value"": 0.0, ""conclusion"": ""Non-compliance""}"
Customer Personality Analysis Dataset,NumCatalogPurchases,Uniform,"{""p value"": 0.0, ""conclusion"": ""Non-compliance""}"
Customer Personality Analysis Dataset,NumStorePurchases,Uniform,"{""p value"": 0.0, ""conclusion"": ""Non-compliance""}"
Customer Personality Analysis Dataset,NumWebVisitsMonth,Uniform,"{""p value"": 0.0, ""conclusion"": ""Non-compliance""}"
Customer Personality Analysis Dataset,Income,Gamma,"{""p value"": 0.0, ""conclusion"": ""Non-compliance""}"
Customer Personality Analysis Dataset,Kidhome,Gamma,"{""p value"": 0.0, ""conclusion"": ""Non-compliance""}"
Customer Personality Analysis Dataset,Teenhome,Gamma,"{""p value"": 0.0, ""conclusion"": ""Non-compliance""}"
Customer Personality Analysis Dataset,Recency,Gamma,"{""p value"": 0.0, ""conclusion"": ""Non-compliance""}"
Customer Personality Analysis Dataset,MntWines,Gamma,"{""p value"": 0.0, ""conclusion"": ""Non-compliance""}"
Customer Personality Analysis Dataset,MntFruits,Gamma,"{""p value"": 0.0, ""conclusion"": ""Non-compliance""}"
Customer Personality Analysis Dataset,MntMeatProducts,Gamma,"{""p value"": 0.0, ""conclusion"": ""Non-compliance""}"
Customer Personality Analysis Dataset,MntFishProducts,Gamma,"{""p value"": 0.0, ""conclusion"": ""Non-compliance""}"
Customer Personality Analysis Dataset,MntSweetProducts,Gamma,"{""p value"": 0.0, ""conclusion"": ""Non-compliance""}"
Customer Personality Analysis Dataset,MntGoldProds,Gamma,"{""p value"": 0.0, ""conclusion"": ""Non-compliance""}"
Customer Personality Analysis Dataset,NumDealsPurchases,Gamma,"{""p value"": 0.0, ""conclusion"": ""Non-compliance""}"
Customer Personality Analysis Dataset,NumWebPurchases,Gamma,"{""p value"": 0.0, ""conclusion"": ""Non-compliance""}"
Customer Personality Analysis Dataset,NumCatalogPurchases,Gamma,"{""p value"": 0.0, ""conclusion"": ""Non-compliance""}"
Customer Personality Analysis Dataset,NumStorePurchases,Gamma,"{""p value"": 0.0, ""conclusion"": ""Non-compliance""}"
Customer Personality Analysis Dataset,NumWebVisitsMonth,Gamma,"{""p value"": 0.0, ""conclusion"": ""Non-compliance""}"
Dataset for Admission in the University,GRE Score,Exponential,"{""p value"": 0.0, ""conclusion"": ""Non-compliance""}"
Dataset for Admission in the University,TOEFL Score,Exponential,"{""p value"": 0.0, ""conclusion"": ""Non-compliance""}"
Dataset for Admission in the University,SOP,Exponential,"{""p value"": 0.0, ""conclusion"": ""Non-compliance""}"
Dataset for Admission in the University,LOR ,Exponential,"{""p value"": 0.0, ""conclusion"": ""Non-compliance""}"
Dataset for Admission in the University,CGPA,Exponential,"{""p value"": 0.0, ""conclusion"": ""Non-compliance""}"
Dataset for Admission in the University,Chance of Admit ,Exponential,"{""p value"": 0.0, ""conclusion"": ""Non-compliance""}"
Dataset for Admission in the University,GRE Score,Uniform,"{""p value"": 0.0, ""conclusion"": ""Non-compliance""}"
Dataset for Admission in the University,TOEFL Score,Uniform,"{""p value"": 0.0, ""conclusion"": ""Non-compliance""}"
Dataset for Admission in the University,SOP,Uniform,"{""p value"": 0.0, ""conclusion"": ""Non-compliance""}"
Dataset for Admission in the University,LOR ,Uniform,"{""p value"": 0.0, ""conclusion"": ""Non-compliance""}"
Dataset for Admission in the University,CGPA,Uniform,"{""p value"": 0.0, ""conclusion"": ""Non-compliance""}"
Dataset for Admission in the University,Chance of Admit ,Uniform,"{""p value"": 0.0, ""conclusion"": ""Non-compliance""}"
Dataset for Admission in the University,GRE Score,Gamma,"{""p value"": 0.0, ""conclusion"": ""Non-compliance""}"
Dataset for Admission in the University,TOEFL Score,Gamma,"{""p value"": 0.0, ""conclusion"": ""Non-compliance""}"
Dataset for Admission in the University,SOP,Gamma,"{""p value"": 0.0, ""conclusion"": ""Non-compliance""}"
Dataset for Admission in the University,LOR ,Gamma,"{""p value"": 0.0, ""conclusion"": ""Non-compliance""}"
Dataset for Admission in the University,CGPA,Gamma,"{""p value"": 0.0, ""conclusion"": ""Non-compliance""}"
Dataset for Admission in the University,Chance of Admit ,Gamma,"{""p value"": 0.0, ""conclusion"": ""Non-compliance""}"
Exercise and Fitness Metrics Dataset,Calories Burn,Exponential,"{""p value"": 0.0, ""conclusion"": ""Non-compliance""}"
Exercise and Fitness Metrics Dataset,Dream Weight,Exponential,"{""p value"": 0.0, ""conclusion"": ""Non-compliance""}"
Exercise and Fitness Metrics Dataset,Actual Weight,Exponential,"{""p value"": 0.0, ""conclusion"": ""Non-compliance""}"
Exercise and Fitness Metrics Dataset,Age,Exponential,"{""p value"": 0.0, ""conclusion"": ""Non-compliance""}"
Exercise and Fitness Metrics Dataset,Duration,Exponential,"{""p value"": 0.0, ""conclusion"": ""Non-compliance""}"
Exercise and Fitness Metrics Dataset,Heart Rate,Exponential,"{""p value"": 0.0, ""conclusion"": ""Non-compliance""}"
Exercise and Fitness Metrics Dataset,BMI,Exponential,"{""p value"": 0.0, ""conclusion"": ""Non-compliance""}"
Exercise and Fitness Metrics Dataset,Actual Weight,Uniform,"{""p value"": 0.0, ""conclusion"": ""Non-compliance""}"
Exercise and Fitness Metrics Dataset,Age,Uniform,"{""p value"": 0.0, ""conclusion"": ""Non-compliance""}"
Exercise and Fitness Metrics Dataset,Duration,Uniform,"{""p value"": 0.01043, ""conclusion"": ""Non-compliance""}"
Exercise and Fitness Metrics Dataset,Calories Burn,Gamma,"{""p value"": 0.0, ""conclusion"": ""Non-compliance""}"
Exercise and Fitness Metrics Dataset,Dream Weight,Gamma,"{""p value"": 0.0, ""conclusion"": ""Non-compliance""}"
Exercise and Fitness Metrics Dataset,Actual Weight,Gamma,"{""p value"": 0.0, ""conclusion"": ""Non-compliance""}"
Exercise and Fitness Metrics Dataset,Age,Gamma,"{""p value"": 0.0, ""conclusion"": ""Non-compliance""}"
Exercise and Fitness Metrics Dataset,Duration,Gamma,"{""p value"": 0.0, ""conclusion"": ""Non-compliance""}"
Exercise and Fitness Metrics Dataset,Heart Rate,Gamma,"{""p value"": 0.0, ""conclusion"": ""Non-compliance""}"
Exercise and Fitness Metrics Dataset,BMI,Gamma,"{""p value"": 0.0, ""conclusion"": ""Non-compliance""}"
FIFA Official Dataset 2023,Age,Exponential,"{""p value"": 0.0, ""conclusion"": ""Non-compliance""}"
FIFA Official Dataset 2023,Overall,Exponential,"{""p value"": 0.0, ""conclusion"": ""Non-compliance""}"
FIFA Official Dataset 2023,Potential,Exponential,"{""p value"": 0.0, ""conclusion"": ""Non-compliance""}"
FIFA Official Dataset 2023,Value,Exponential,"{""p value"": 0.0, ""conclusion"": ""Non-compliance""}"
FIFA Official Dataset 2023,Wage,Exponential,"{""p value"": 0.0, ""conclusion"": ""Non-compliance""}"
FIFA Official Dataset 2023,Special,Exponential,"{""p value"": 0.0, ""conclusion"": ""Non-compliance""}"
FIFA Official Dataset 2023,Height,Exponential,"{""p value"": 0.0, ""conclusion"": ""Non-compliance""}"
FIFA Official Dataset 2023,Weight,Exponential,"{""p value"": 0.0, ""conclusion"": ""Non-compliance""}"
FIFA Official Dataset 2023,Release Clause,Exponential,"{""p value"": 0.0, ""conclusion"": ""Non-compliance""}"
FIFA Official Dataset 2023,Age,Uniform,"{""p value"": 0.0, ""conclusion"": ""Non-compliance""}"
FIFA Official Dataset 2023,Overall,Uniform,"{""p value"": 0.0, ""conclusion"": ""Non-compliance""}"
FIFA Official Dataset 2023,Potential,Uniform,"{""p value"": 0.0, ""conclusion"": ""Non-compliance""}"
FIFA Official Dataset 2023,Value,Uniform,"{""p value"": 0.0, ""conclusion"": ""Non-compliance""}"
FIFA Official Dataset 2023,Wage,Uniform,"{""p value"": 0.0, ""conclusion"": ""Non-compliance""}"
FIFA Official Dataset 2023,Special,Uniform,"{""p value"": 0.0, ""conclusion"": ""Non-compliance""}"
FIFA Official Dataset 2023,Height,Uniform,"{""p value"": 0.0, ""conclusion"": ""Non-compliance""}"
FIFA Official Dataset 2023,Weight,Uniform,"{""p value"": 0.0, ""conclusion"": ""Non-compliance""}"
FIFA Official Dataset 2023,Release Clause,Uniform,"{""p value"": 0.0, ""conclusion"": ""Non-compliance""}"
FIFA Official Dataset 2023,Age,Gamma,"{""p value"": 0.0, ""conclusion"": ""Non-compliance""}"
FIFA Official Dataset 2023,Overall,Gamma,"{""p value"": 0.0, ""conclusion"": ""Non-compliance""}"
FIFA Official Dataset 2023,Potential,Gamma,"{""p value"": 0.0, ""conclusion"": ""Non-compliance""}"
FIFA Official Dataset 2023,Value,Gamma,"{""p value"": 0.0, ""conclusion"": ""Non-compliance""}"
FIFA Official Dataset 2023,Wage,Gamma,"{""p value"": 0.0, ""conclusion"": ""Non-compliance""}"
FIFA Official Dataset 2023,Special,Gamma,"{""p value"": 0.0, ""conclusion"": ""Non-compliance""}"
FIFA Official Dataset 2023,Height,Gamma,"{""p value"": 0.0, ""conclusion"": ""Non-compliance""}"
FIFA Official Dataset 2023,Weight,Gamma,"{""p value"": 0.0, ""conclusion"": ""Non-compliance""}"
FIFA Official Dataset 2023,Release Clause,Gamma,"{""p value"": 0.0, ""conclusion"": ""Non-compliance""}"
Fruits and Vegetables Prices Dataset,farmprice,Exponential,"{""p value"": 0.0, ""conclusion"": ""Non-compliance""}"
Fruits and Vegetables Prices Dataset,atlantaretail,Exponential,"{""p value"": 0.0, ""conclusion"": ""Non-compliance""}"
Fruits and Vegetables Prices Dataset,chicagoretail,Exponential,"{""p value"": 0.0, ""conclusion"": ""Non-compliance""}"
Fruits and Vegetables Prices Dataset,losangelesretail,Exponential,"{""p value"": 0.0, ""conclusion"": ""Non-compliance""}"
Fruits and Vegetables Prices Dataset,newyorkretail,Exponential,"{""p value"": 0.0, ""conclusion"": ""Non-compliance""}"
Fruits and Vegetables Prices Dataset,averagespread,Exponential,"{""p value"": 0.0, ""conclusion"": ""Non-compliance""}"
Fruits and Vegetables Prices Dataset,farmprice,Uniform,"{""p value"": 0.0, ""conclusion"": ""Non-compliance""}"
Fruits and Vegetables Prices Dataset,atlantaretail,Uniform,"{""p value"": 0.0, ""conclusion"": ""Non-compliance""}"
Fruits and Vegetables Prices Dataset,chicagoretail,Uniform,"{""p value"": 0.0, ""conclusion"": ""Non-compliance""}"
Fruits and Vegetables Prices Dataset,losangelesretail,Uniform,"{""p value"": 0.0, ""conclusion"": ""Non-compliance""}"
Fruits and Vegetables Prices Dataset,newyorkretail,Uniform,"{""p value"": 0.0, ""conclusion"": ""Non-compliance""}"
Fruits and Vegetables Prices Dataset,averagespread,Uniform,"{""p value"": 0.0, ""conclusion"": ""Non-compliance""}"
Fruits and Vegetables Prices Dataset,farmprice,Gamma,"{""p value"": 0.0, ""conclusion"": ""Non-compliance""}"
Fruits and Vegetables Prices Dataset,atlantaretail,Gamma,"{""p value"": 0.0, ""conclusion"": ""Non-compliance""}"
Fruits and Vegetables Prices Dataset,chicagoretail,Gamma,"{""p value"": 0.0, ""conclusion"": ""Non-compliance""}"
Fruits and Vegetables Prices Dataset,losangelesretail,Gamma,"{""p value"": 0.0, ""conclusion"": ""Non-compliance""}"
Fruits and Vegetables Prices Dataset,newyorkretail,Gamma,"{""p value"": 0.0, ""conclusion"": ""Non-compliance""}"
Fruits and Vegetables Prices Dataset,averagespread,Gamma,"{""p value"": 0.0, ""conclusion"": ""Non-compliance""}"
GPA Study Hours Dataset,gpa,Exponential,"{""p value"": 0.0, ""conclusion"": ""Non-compliance""}"
GPA Study Hours Dataset,study_hours,Exponential,"{""p value"": 0.0, ""conclusion"": ""Non-compliance""}"
GPA Study Hours Dataset,gpa,Uniform,"{""p value"": 0.0, ""conclusion"": ""Non-compliance""}"
GPA Study Hours Dataset,study_hours,Uniform,"{""p value"": 0.0, ""conclusion"": ""Non-compliance""}"
GPA Study Hours Dataset,gpa,Gamma,"{""p value"": 0.0, ""conclusion"": ""Non-compliance""}"
GPA Study Hours Dataset,study_hours,Gamma,"{""p value"": 0.0, ""conclusion"": ""Non-compliance""}"
Grades of Students Dataset,CGPA,Exponential,"{""p value"": 0.0, ""conclusion"": ""Non-compliance""}"
Grades of Students Dataset,CGPA,Uniform,"{""p value"": 0.0, ""conclusion"": ""Non-compliance""}"
Grades of Students Dataset,CGPA,Gamma,"{""p value"": 0.0, ""conclusion"": ""Non-compliance""}"
Green House Gas Produce by Different Industry,F2010,Exponential,"{""p value"": 0.0, ""conclusion"": ""Non-compliance""}"
Green House Gas Produce by Different Industry,F2011,Exponential,"{""p value"": 0.0, ""conclusion"": ""Non-compliance""}"
Green House Gas Produce by Different Industry,F2012,Exponential,"{""p value"": 0.0, ""conclusion"": ""Non-compliance""}"
Green House Gas Produce by Different Industry,F2013,Exponential,"{""p value"": 0.0, ""conclusion"": ""Non-compliance""}"
Green House Gas Produce by Different Industry,F2014,Exponential,"{""p value"": 0.0, ""conclusion"": ""Non-compliance""}"
Green House Gas Produce by Different Industry,F2015,Exponential,"{""p value"": 0.0, ""conclusion"": ""Non-compliance""}"
Green House Gas Produce by Different Industry,F2016,Exponential,"{""p value"": 0.0, ""conclusion"": ""Non-compliance""}"
Green House Gas Produce by Different Industry,F2017,Exponential,"{""p value"": 0.0, ""conclusion"": ""Non-compliance""}"
Green House Gas Produce by Different Industry,F2018,Exponential,"{""p value"": 0.0, ""conclusion"": ""Non-compliance""}"
Green House Gas Produce by Different Industry,F2019,Exponential,"{""p value"": 0.0, ""conclusion"": ""Non-compliance""}"
Green House Gas Produce by Different Industry,F2020,Exponential,"{""p value"": 0.0, ""conclusion"": ""Non-compliance""}"
Green House Gas Produce by Different Industry,F2021,Exponential,"{""p value"": 0.0, ""conclusion"": ""Non-compliance""}"
Green House Gas Produce by Different Industry,F2022,Exponential,"{""p value"": 0.0, ""conclusion"": ""Non-compliance""}"
Green House Gas Produce by Different Industry,F2010,Uniform,"{""p value"": 0.0, ""conclusion"": ""Non-compliance""}"
Green House Gas Produce by Different Industry,F2011,Uniform,"{""p value"": 0.0, ""conclusion"": ""Non-compliance""}"
Green House Gas Produce by Different Industry,F2012,Uniform,"{""p value"": 0.0, ""conclusion"": ""Non-compliance""}"
Green House Gas Produce by Different Industry,F2013,Uniform,"{""p value"": 0.0, ""conclusion"": ""Non-compliance""}"
Green House Gas Produce by Different Industry,F2014,Uniform,"{""p value"": 0.0, ""conclusion"": ""Non-compliance""}"
Green House Gas Produce by Different Industry,F2015,Uniform,"{""p value"": 0.0, ""conclusion"": ""Non-compliance""}"
Green House Gas Produce by Different Industry,F2016,Uniform,"{""p value"": 0.0, ""conclusion"": ""Non-compliance""}"
Green House Gas Produce by Different Industry,F2017,Uniform,"{""p value"": 0.0, ""conclusion"": ""Non-compliance""}"
Green House Gas Produce by Different Industry,F2018,Uniform,"{""p value"": 0.0, ""conclusion"": ""Non-compliance""}"
Green House Gas Produce by Different Industry,F2019,Uniform,"{""p value"": 0.0, ""conclusion"": ""Non-compliance""}"
Green House Gas Produce by Different Industry,F2020,Uniform,"{""p value"": 0.0, ""conclusion"": ""Non-compliance""}"
Green House Gas Produce by Different Industry,F2021,Uniform,"{""p value"": 0.0, ""conclusion"": ""Non-compliance""}"
Green House Gas Produce by Different Industry,F2022,Uniform,"{""p value"": 0.0, ""conclusion"": ""Non-compliance""}"
Green House Gas Produce by Different Industry,F2010,Gamma,"{""p value"": 0.0, ""conclusion"": ""Non-compliance""}"
Green House Gas Produce by Different Industry,F2011,Gamma,"{""p value"": 0.0, ""conclusion"": ""Non-compliance""}"
Green House Gas Produce by Different Industry,F2012,Gamma,"{""p value"": 0.0, ""conclusion"": ""Non-compliance""}"
Green House Gas Produce by Different Industry,F2013,Gamma,"{""p value"": 0.0, ""conclusion"": ""Non-compliance""}"
Green House Gas Produce by Different Industry,F2014,Gamma,"{""p value"": 0.0, ""conclusion"": ""Non-compliance""}"
Green House Gas Produce by Different Industry,F2015,Gamma,"{""p value"": 0.0, ""conclusion"": ""Non-compliance""}"
Green House Gas Produce by Different Industry,F2016,Gamma,"{""p value"": 0.0, ""conclusion"": ""Non-compliance""}"
Green House Gas Produce by Different Industry,F2017,Gamma,"{""p value"": 0.0, ""conclusion"": ""Non-compliance""}"
Green House Gas Produce by Different Industry,F2018,Gamma,"{""p value"": 0.0, ""conclusion"": ""Non-compliance""}"
Green House Gas Produce by Different Industry,F2019,Gamma,"{""p value"": 0.0, ""conclusion"": ""Non-compliance""}"
Green House Gas Produce by Different Industry,F2020,Gamma,"{""p value"": 0.0, ""conclusion"": ""Non-compliance""}"
Green House Gas Produce by Different Industry,F2021,Gamma,"{""p value"": 0.0, ""conclusion"": ""Non-compliance""}"
Green House Gas Produce by Different Industry,F2022,Gamma,"{""p value"": 0.0, ""conclusion"": ""Non-compliance""}"
Heart Failure Prediction Dataset,Age,Exponential,"{""p value"": 0.0, ""conclusion"": ""Non-compliance""}"
Heart Failure Prediction Dataset,RestingBP,Exponential,"{""p value"": 0.0, ""conclusion"": ""Non-compliance""}"
Heart Failure Prediction Dataset,Cholesterol,Exponential,"{""p value"": 0.0, ""conclusion"": ""Non-compliance""}"
Heart Failure Prediction Dataset,MaxHR,Exponential,"{""p value"": 0.0, ""conclusion"": ""Non-compliance""}"
Heart Failure Prediction Dataset,Oldpeak,Exponential,"{""p value"": 0.0, ""conclusion"": ""Non-compliance""}"
Heart Failure Prediction Dataset,Age,Uniform,"{""p value"": 0.0, ""conclusion"": ""Non-compliance""}"
Heart Failure Prediction Dataset,RestingBP,Uniform,"{""p value"": 0.0, ""conclusion"": ""Non-compliance""}"
Heart Failure Prediction Dataset,Cholesterol,Uniform,"{""p value"": 0.0, ""conclusion"": ""Non-compliance""}"
Heart Failure Prediction Dataset,MaxHR,Uniform,"{""p value"": 0.0, ""conclusion"": ""Non-compliance""}"
Heart Failure Prediction Dataset,Oldpeak,Uniform,"{""p value"": 0.0, ""conclusion"": ""Non-compliance""}"
Heart Failure Prediction Dataset,Age,Gamma,"{""p value"": 0.0, ""conclusion"": ""Non-compliance""}"
Heart Failure Prediction Dataset,RestingBP,Gamma,"{""p value"": 0.0, ""conclusion"": ""Non-compliance""}"
Heart Failure Prediction Dataset,Cholesterol,Gamma,"{""p value"": 0.0, ""conclusion"": ""Non-compliance""}"
Heart Failure Prediction Dataset,MaxHR,Gamma,"{""p value"": 0.0, ""conclusion"": ""Non-compliance""}"
Heart Failure Prediction Dataset,Oldpeak,Gamma,"{""p value"": 0.0, ""conclusion"": ""Non-compliance""}"
Housing Price Dataset,SquareFeet,Exponential,"{""p value"": 0.0, ""conclusion"": ""Non-compliance""}"
Housing Price Dataset,Bedrooms,Exponential,"{""p value"": 0.0, ""conclusion"": ""Non-compliance""}"
Housing Price Dataset,Bathrooms,Exponential,"{""p value"": 0.0, ""conclusion"": ""Non-compliance""}"
Housing Price Dataset,Price,Exponential,"{""p value"": 0.0, ""conclusion"": ""Non-compliance""}"
Housing Price Dataset,SquareFeet,Uniform,"{""p value"": 0.01388, ""conclusion"": ""Non-compliance""}"
Housing Price Dataset,Bedrooms,Uniform,"{""p value"": 0.0, ""conclusion"": ""Non-compliance""}"
Housing Price Dataset,Bathrooms,Uniform,"{""p value"": 0.0, ""conclusion"": ""Non-compliance""}"
Housing Price Dataset,Price,Uniform,"{""p value"": 0.0, ""conclusion"": ""Non-compliance""}"
Housing Price Dataset,SquareFeet,Gamma,"{""p value"": 0.0, ""conclusion"": ""Non-compliance""}"
Housing Price Dataset,Bedrooms,Gamma,"{""p value"": 0.0, ""conclusion"": ""Non-compliance""}"
Housing Price Dataset,Bathrooms,Gamma,"{""p value"": 0.0, ""conclusion"": ""Non-compliance""}"
Housing Price Dataset,Price,Gamma,"{""p value"": 0.0, ""conclusion"": ""Non-compliance""}"
Income and Happiness Score Dataset,adjusted_satisfaction,Exponential,"{""p value"": 0.0, ""conclusion"": ""Non-compliance""}"
Income and Happiness Score Dataset,avg_satisfaction,Exponential,"{""p value"": 0.0, ""conclusion"": ""Non-compliance""}"
Income and Happiness Score Dataset,std_satisfaction,Exponential,"{""p value"": 0.0, ""conclusion"": ""Non-compliance""}"
Income and Happiness Score Dataset,avg_income,Exponential,"{""p value"": 0.0, ""conclusion"": ""Non-compliance""}"
Income and Happiness Score Dataset,median_income,Exponential,"{""p value"": 0.0, ""conclusion"": ""Non-compliance""}"
Income and Happiness Score Dataset,income_inequality,Exponential,"{""p value"": 0.0, ""conclusion"": ""Non-compliance""}"
Income and Happiness Score Dataset,happyScore,Exponential,"{""p value"": 0.0, ""conclusion"": ""Non-compliance""}"
Income and Happiness Score Dataset,GDP,Exponential,"{""p value"": 1e-05, ""conclusion"": ""Non-compliance""}"
Income and Happiness Score Dataset,adjusted_satisfaction,Uniform,"{""p value"": 0.00105, ""conclusion"": ""Non-compliance""}"
Income and Happiness Score Dataset,avg_satisfaction,Uniform,"{""p value"": 0.00019, ""conclusion"": ""Non-compliance""}"
Income and Happiness Score Dataset,std_satisfaction,Uniform,"{""p value"": 0.0, ""conclusion"": ""Non-compliance""}"
Income and Happiness Score Dataset,avg_income,Uniform,"{""p value"": 0.0, ""conclusion"": ""Non-compliance""}"
Income and Happiness Score Dataset,median_income,Uniform,"{""p value"": 0.0, ""conclusion"": ""Non-compliance""}"
Income and Happiness Score Dataset,income_inequality,Uniform,"{""p value"": 0.0, ""conclusion"": ""Non-compliance""}"
Income and Happiness Score Dataset,happyScore,Uniform,"{""p value"": 0.00837, ""conclusion"": ""Non-compliance""}"
Income and Happiness Score Dataset,adjusted_satisfaction,Gamma,"{""p value"": 0.0, ""conclusion"": ""Non-compliance""}"
Income and Happiness Score Dataset,avg_satisfaction,Gamma,"{""p value"": 0.0, ""conclusion"": ""Non-compliance""}"
Income and Happiness Score Dataset,std_satisfaction,Gamma,"{""p value"": 0.0, ""conclusion"": ""Non-compliance""}"
Income and Happiness Score Dataset,avg_income,Gamma,"{""p value"": 0.0, ""conclusion"": ""Non-compliance""}"
Income and Happiness Score Dataset,median_income,Gamma,"{""p value"": 0.0, ""conclusion"": ""Non-compliance""}"
Income and Happiness Score Dataset,income_inequality,Gamma,"{""p value"": 0.0, ""conclusion"": ""Non-compliance""}"
Income and Happiness Score Dataset,happyScore,Gamma,"{""p value"": 0.0, ""conclusion"": ""Non-compliance""}"
Income and Happiness Score Dataset,GDP,Gamma,"{""p value"": 0.0, ""conclusion"": ""Non-compliance""}"
Jobs and Salaries Dataset,work_year,Exponential,"{""p value"": 0.0, ""conclusion"": ""Non-compliance""}"
Jobs and Salaries Dataset,salary,Exponential,"{""p value"": 0.0, ""conclusion"": ""Non-compliance""}"
Jobs and Salaries Dataset,salary_in_usd,Exponential,"{""p value"": 0.0, ""conclusion"": ""Non-compliance""}"
Jobs and Salaries Dataset,work_year,Uniform,"{""p value"": 0.0, ""conclusion"": ""Non-compliance""}"
Jobs and Salaries Dataset,salary,Uniform,"{""p value"": 0.0, ""conclusion"": ""Non-compliance""}"
Jobs and Salaries Dataset,salary_in_usd,Uniform,"{""p value"": 0.0, ""conclusion"": ""Non-compliance""}"
Jobs and Salaries Dataset,work_year,Gamma,"{""p value"": 0.0, ""conclusion"": ""Non-compliance""}"
Jobs and Salaries Dataset,salary,Gamma,"{""p value"": 0.0, ""conclusion"": ""Non-compliance""}"
Jobs and Salaries Dataset,salary_in_usd,Gamma,"{""p value"": 0.0, ""conclusion"": ""Non-compliance""}"
Los Angeles Library Monthly Statistics,Total Library Visitors,Exponential,"{""p value"": 0.0, ""conclusion"": ""Non-compliance""}"
Los Angeles Library Monthly Statistics,Total Program Attendees,Exponential,"{""p value"": 0.0, ""conclusion"": ""Non-compliance""}"
Los Angeles Library Monthly Statistics,Total eMedia Circulation,Exponential,"{""p value"": 0.0, ""conclusion"": ""Non-compliance""}"
Los Angeles Library Monthly Statistics,Total Cardholders,Exponential,"{""p value"": 0.0, ""conclusion"": ""Non-compliance""}"
Los Angeles Library Monthly Statistics,Total Computer Usage (Wireless + PC Sessions),Exponential,"{""p value"": 0.0, ""conclusion"": ""Non-compliance""}"
Los Angeles Library Monthly Statistics,New Cardholders,Exponential,"{""p value"": 0.0, ""conclusion"": ""Non-compliance""}"
Los Angeles Library Monthly Statistics,# of Individuals Assisted in Pursuing Citizenship,Exponential,"{""p value"": 0.0, ""conclusion"": ""Non-compliance""}"
Los Angeles Library Monthly Statistics,# of Homeless Individuals Served at The Source,Exponential,"{""p value"": 0.0, ""conclusion"": ""Non-compliance""}"
Los Angeles Library Monthly Statistics,# of Attendees at Children's and Teen Programming,Exponential,"{""p value"": 0.0, ""conclusion"": ""Non-compliance""}"
Los Angeles Library Monthly Statistics,Total Program Attendees,Uniform,"{""p value"": 0.0, ""conclusion"": ""Non-compliance""}"
Los Angeles Library Monthly Statistics,Total Cardholders,Uniform,"{""p value"": 8e-05, ""conclusion"": ""Non-compliance""}"
Los Angeles Library Monthly Statistics,New Cardholders,Uniform,"{""p value"": 0.0, ""conclusion"": ""Non-compliance""}"
Los Angeles Library Monthly Statistics,# of Individuals Assisted in Pursuing Citizenship,Uniform,"{""p value"": 0.00061, ""conclusion"": ""Non-compliance""}"
Los Angeles Library Monthly Statistics,# of Attendees at Children's and Teen Programming,Uniform,"{""p value"": 0.00237, ""conclusion"": ""Non-compliance""}"
Los Angeles Library Monthly Statistics,Total Library Visitors,Gamma,"{""p value"": 0.0, ""conclusion"": ""Non-compliance""}"
Los Angeles Library Monthly Statistics,Total Program Attendees,Gamma,"{""p value"": 0.0, ""conclusion"": ""Non-compliance""}"
Los Angeles Library Monthly Statistics,Total eMedia Circulation,Gamma,"{""p value"": 0.0, ""conclusion"": ""Non-compliance""}"
Los Angeles Library Monthly Statistics,Total Cardholders,Gamma,"{""p value"": 0.0, ""conclusion"": ""Non-compliance""}"
Los Angeles Library Monthly Statistics,Total Computer Usage (Wireless + PC Sessions),Gamma,"{""p value"": 0.0, ""conclusion"": ""Non-compliance""}"
Los Angeles Library Monthly Statistics,New Cardholders,Gamma,"{""p value"": 0.0, ""conclusion"": ""Non-compliance""}"
Los Angeles Library Monthly Statistics,# of Individuals Assisted in Pursuing Citizenship,Gamma,"{""p value"": 0.0, ""conclusion"": ""Non-compliance""}"
Los Angeles Library Monthly Statistics,# of Homeless Individuals Served at The Source,Gamma,"{""p value"": 0.0, ""conclusion"": ""Non-compliance""}"
Los Angeles Library Monthly Statistics,# of Attendees at Children's and Teen Programming,Gamma,"{""p value"": 0.0, ""conclusion"": ""Non-compliance""}"
Lung Cancer Survey Dataset,AGE,Exponential,"{""p value"": 0.0, ""conclusion"": ""Non-compliance""}"
Lung Cancer Survey Dataset,AGE,Uniform,"{""p value"": 0.0, ""conclusion"": ""Non-compliance""}"
Lung Cancer Survey Dataset,AGE,Gamma,"{""p value"": 0.0, ""conclusion"": ""Non-compliance""}"
Monroe County Car Crach Dataset,Hour,Exponential,"{""p value"": 0.0, ""conclusion"": ""Non-compliance""}"
Monroe County Car Crach Dataset,Hour,Uniform,"{""p value"": 0.0, ""conclusion"": ""Non-compliance""}"
Monroe County Car Crach Dataset,Hour,Gamma,"{""p value"": 0.0, ""conclusion"": ""Non-compliance""}"
Netflix TV Shows and Movies Scores Dataset in IMDB,runtime,Exponential,"{""p value"": 0.0, ""conclusion"": ""Non-compliance""}"
Netflix TV Shows and Movies Scores Dataset in IMDB,imdb_score,Exponential,"{""p value"": 0.0, ""conclusion"": ""Non-compliance""}"
Netflix TV Shows and Movies Scores Dataset in IMDB,imdb_votes,Exponential,"{""p value"": 0.0, ""conclusion"": ""Non-compliance""}"
Netflix TV Shows and Movies Scores Dataset in IMDB,runtime,Uniform,"{""p value"": 0.0, ""conclusion"": ""Non-compliance""}"
Netflix TV Shows and Movies Scores Dataset in IMDB,imdb_score,Uniform,"{""p value"": 0.0, ""conclusion"": ""Non-compliance""}"
Netflix TV Shows and Movies Scores Dataset in IMDB,imdb_votes,Uniform,"{""p value"": 0.0, ""conclusion"": ""Non-compliance""}"
Netflix TV Shows and Movies Scores Dataset in IMDB,runtime,Gamma,"{""p value"": 0.0, ""conclusion"": ""Non-compliance""}"
Netflix TV Shows and Movies Scores Dataset in IMDB,imdb_score,Gamma,"{""p value"": 0.0, ""conclusion"": ""Non-compliance""}"
Netflix TV Shows and Movies Scores Dataset in IMDB,imdb_votes,Gamma,"{""p value"": 0.0, ""conclusion"": ""Non-compliance""}"
Obesity or CVD Risk Dataset,Age,Exponential,"{""p value"": 0.0, ""conclusion"": ""Non-compliance""}"
Obesity or CVD Risk Dataset,Height,Exponential,"{""p value"": 0.0, ""conclusion"": ""Non-compliance""}"
Obesity or CVD Risk Dataset,Weight,Exponential,"{""p value"": 0.0, ""conclusion"": ""Non-compliance""}"
Obesity or CVD Risk Dataset,FCVC,Exponential,"{""p value"": 0.0, ""conclusion"": ""Non-compliance""}"
Obesity or CVD Risk Dataset,NCP,Exponential,"{""p value"": 0.0, ""conclusion"": ""Non-compliance""}"
Obesity or CVD Risk Dataset,CH2O,Exponential,"{""p value"": 0.0, ""conclusion"": ""Non-compliance""}"
Obesity or CVD Risk Dataset,FAF,Exponential,"{""p value"": 0.0, ""conclusion"": ""Non-compliance""}"
Obesity or CVD Risk Dataset,TUE,Exponential,"{""p value"": 0.0, ""conclusion"": ""Non-compliance""}"
Obesity or CVD Risk Dataset,Age,Uniform,"{""p value"": 0.0, ""conclusion"": ""Non-compliance""}"
Obesity or CVD Risk Dataset,Height,Uniform,"{""p value"": 0.0, ""conclusion"": ""Non-compliance""}"
Obesity or CVD Risk Dataset,Weight,Uniform,"{""p value"": 0.0, ""conclusion"": ""Non-compliance""}"
Obesity or CVD Risk Dataset,FCVC,Uniform,"{""p value"": 0.0, ""conclusion"": ""Non-compliance""}"
Obesity or CVD Risk Dataset,NCP,Uniform,"{""p value"": 0.0, ""conclusion"": ""Non-compliance""}"
Obesity or CVD Risk Dataset,CH2O,Uniform,"{""p value"": 0.0, ""conclusion"": ""Non-compliance""}"
Obesity or CVD Risk Dataset,FAF,Uniform,"{""p value"": 0.0, ""conclusion"": ""Non-compliance""}"
Obesity or CVD Risk Dataset,TUE,Uniform,"{""p value"": 0.0, ""conclusion"": ""Non-compliance""}"
Obesity or CVD Risk Dataset,Age,Gamma,"{""p value"": 0.0, ""conclusion"": ""Non-compliance""}"
Obesity or CVD Risk Dataset,Height,Gamma,"{""p value"": 0.0, ""conclusion"": ""Non-compliance""}"
Obesity or CVD Risk Dataset,Weight,Gamma,"{""p value"": 0.0, ""conclusion"": ""Non-compliance""}"
Obesity or CVD Risk Dataset,FCVC,Gamma,"{""p value"": 0.0, ""conclusion"": ""Non-compliance""}"
Obesity or CVD Risk Dataset,NCP,Gamma,"{""p value"": 0.0, ""conclusion"": ""Non-compliance""}"
Obesity or CVD Risk Dataset,CH2O,Gamma,"{""p value"": 0.0, ""conclusion"": ""Non-compliance""}"
Obesity or CVD Risk Dataset,FAF,Gamma,"{""p value"": 0.0, ""conclusion"": ""Non-compliance""}"
Obesity or CVD Risk Dataset,TUE,Gamma,"{""p value"": 0.0, ""conclusion"": ""Non-compliance""}"
Pokedex Dataset,Total,Exponential,"{""p value"": 0.0, ""conclusion"": ""Non-compliance""}"
Pokedex Dataset,HP,Exponential,"{""p value"": 0.0, ""conclusion"": ""Non-compliance""}"
Pokedex Dataset,Attack,Exponential,"{""p value"": 0.0, ""conclusion"": ""Non-compliance""}"
Pokedex Dataset,Defense,Exponential,"{""p value"": 0.0, ""conclusion"": ""Non-compliance""}"
Pokedex Dataset,Sp_Atk,Exponential,"{""p value"": 0.0, ""conclusion"": ""Non-compliance""}"
Pokedex Dataset,Sp_Def,Exponential,"{""p value"": 0.0, ""conclusion"": ""Non-compliance""}"
Pokedex Dataset,Speed,Exponential,"{""p value"": 0.0, ""conclusion"": ""Non-compliance""}"
Pokedex Dataset,Pr_Male,Exponential,"{""p value"": 0.0, ""conclusion"": ""Non-compliance""}"
Pokedex Dataset,Height_m,Exponential,"{""p value"": 0.0, ""conclusion"": ""Non-compliance""}"
Pokedex Dataset,Weight_kg,Exponential,"{""p value"": 0.0, ""conclusion"": ""Non-compliance""}"
Pokedex Dataset,Catch_Rate,Exponential,"{""p value"": 0.0, ""conclusion"": ""Non-compliance""}"
Pokedex Dataset,Total,Uniform,"{""p value"": 0.0, ""conclusion"": ""Non-compliance""}"
Pokedex Dataset,HP,Uniform,"{""p value"": 0.0, ""conclusion"": ""Non-compliance""}"
Pokedex Dataset,Attack,Uniform,"{""p value"": 0.0, ""conclusion"": ""Non-compliance""}"
Pokedex Dataset,Defense,Uniform,"{""p value"": 0.0, ""conclusion"": ""Non-compliance""}"
Pokedex Dataset,Sp_Atk,Uniform,"{""p value"": 0.0, ""conclusion"": ""Non-compliance""}"
Pokedex Dataset,Sp_Def,Uniform,"{""p value"": 0.0, ""conclusion"": ""Non-compliance""}"
Pokedex Dataset,Speed,Uniform,"{""p value"": 0.0, ""conclusion"": ""Non-compliance""}"
Pokedex Dataset,Pr_Male,Uniform,"{""p value"": 0.0, ""conclusion"": ""Non-compliance""}"
Pokedex Dataset,Height_m,Uniform,"{""p value"": 0.0, ""conclusion"": ""Non-compliance""}"
Pokedex Dataset,Weight_kg,Uniform,"{""p value"": 0.0, ""conclusion"": ""Non-compliance""}"
Pokedex Dataset,Catch_Rate,Uniform,"{""p value"": 0.0, ""conclusion"": ""Non-compliance""}"
Pokedex Dataset,Total,Gamma,"{""p value"": 0.0, ""conclusion"": ""Non-compliance""}"
Pokedex Dataset,HP,Gamma,"{""p value"": 0.0, ""conclusion"": ""Non-compliance""}"
Pokedex Dataset,Attack,Gamma,"{""p value"": 0.0, ""conclusion"": ""Non-compliance""}"
Pokedex Dataset,Defense,Gamma,"{""p value"": 0.0, ""conclusion"": ""Non-compliance""}"
Pokedex Dataset,Sp_Atk,Gamma,"{""p value"": 0.0, ""conclusion"": ""Non-compliance""}"
Pokedex Dataset,Sp_Def,Gamma,"{""p value"": 0.0, ""conclusion"": ""Non-compliance""}"
Pokedex Dataset,Speed,Gamma,"{""p value"": 0.0, ""conclusion"": ""Non-compliance""}"
Pokedex Dataset,Pr_Male,Gamma,"{""p value"": 0.0, ""conclusion"": ""Non-compliance""}"
Pokedex Dataset,Height_m,Gamma,"{""p value"": 0.0, ""conclusion"": ""Non-compliance""}"
Pokedex Dataset,Weight_kg,Gamma,"{""p value"": 0.0, ""conclusion"": ""Non-compliance""}"
Pokedex Dataset,Catch_Rate,Gamma,"{""p value"": 0.0, ""conclusion"": ""Non-compliance""}"
Rainfall Dataset of Barak Velly,JAN,Exponential,"{""p value"": 0.0, ""conclusion"": ""Non-compliance""}"
Rainfall Dataset of Barak Velly,FEB,Exponential,"{""p value"": 0.0, ""conclusion"": ""Non-compliance""}"
Rainfall Dataset of Barak Velly,MAR,Exponential,"{""p value"": 0.0, ""conclusion"": ""Non-compliance""}"
Rainfall Dataset of Barak Velly,APR,Exponential,"{""p value"": 0.0, ""conclusion"": ""Non-compliance""}"
Rainfall Dataset of Barak Velly,MAY,Exponential,"{""p value"": 0.0, ""conclusion"": ""Non-compliance""}"
Rainfall Dataset of Barak Velly,JUN,Exponential,"{""p value"": 0.0, ""conclusion"": ""Non-compliance""}"
Rainfall Dataset of Barak Velly,JUL,Exponential,"{""p value"": 0.0, ""conclusion"": ""Non-compliance""}"
Rainfall Dataset of Barak Velly,AUG,Exponential,"{""p value"": 0.0, ""conclusion"": ""Non-compliance""}"
Rainfall Dataset of Barak Velly,SEP,Exponential,"{""p value"": 0.0, ""conclusion"": ""Non-compliance""}"
Rainfall Dataset of Barak Velly,OCT,Exponential,"{""p value"": 0.0, ""conclusion"": ""Non-compliance""}"
Rainfall Dataset of Barak Velly,NOV,Exponential,"{""p value"": 0.0, ""conclusion"": ""Non-compliance""}"
Rainfall Dataset of Barak Velly,DEC,Exponential,"{""p value"": 0.0, ""conclusion"": ""Non-compliance""}"
Rainfall Dataset of Barak Velly,ANU,Exponential,"{""p value"": 0.0, ""conclusion"": ""Non-compliance""}"
Rainfall Dataset of Barak Velly,JAN,Uniform,"{""p value"": 0.0, ""conclusion"": ""Non-compliance""}"
Rainfall Dataset of Barak Velly,FEB,Uniform,"{""p value"": 0.0, ""conclusion"": ""Non-compliance""}"
Rainfall Dataset of Barak Velly,MAR,Uniform,"{""p value"": 0.0, ""conclusion"": ""Non-compliance""}"
Rainfall Dataset of Barak Velly,APR,Uniform,"{""p value"": 0.0, ""conclusion"": ""Non-compliance""}"
Rainfall Dataset of Barak Velly,MAY,Uniform,"{""p value"": 0.0, ""conclusion"": ""Non-compliance""}"
Rainfall Dataset of Barak Velly,JUN,Uniform,"{""p value"": 0.0, ""conclusion"": ""Non-compliance""}"
Rainfall Dataset of Barak Velly,JUL,Uniform,"{""p value"": 0.0, ""conclusion"": ""Non-compliance""}"
Rainfall Dataset of Barak Velly,AUG,Uniform,"{""p value"": 0.01522, ""conclusion"": ""Non-compliance""}"
Rainfall Dataset of Barak Velly,SEP,Uniform,"{""p value"": 0.0, ""conclusion"": ""Non-compliance""}"
Rainfall Dataset of Barak Velly,OCT,Uniform,"{""p value"": 0.0, ""conclusion"": ""Non-compliance""}"
Rainfall Dataset of Barak Velly,NOV,Uniform,"{""p value"": 0.0, ""conclusion"": ""Non-compliance""}"
Rainfall Dataset of Barak Velly,DEC,Uniform,"{""p value"": 0.0, ""conclusion"": ""Non-compliance""}"
Rainfall Dataset of Barak Velly,ANU,Uniform,"{""p value"": 0.0, ""conclusion"": ""Non-compliance""}"
Rainfall Dataset of Barak Velly,JAN,Gamma,"{""p value"": 0.0, ""conclusion"": ""Non-compliance""}"
Rainfall Dataset of Barak Velly,FEB,Gamma,"{""p value"": 0.0, ""conclusion"": ""Non-compliance""}"
Rainfall Dataset of Barak Velly,MAR,Gamma,"{""p value"": 0.0, ""conclusion"": ""Non-compliance""}"
Rainfall Dataset of Barak Velly,APR,Gamma,"{""p value"": 0.0, ""conclusion"": ""Non-compliance""}"
Rainfall Dataset of Barak Velly,MAY,Gamma,"{""p value"": 0.0, ""conclusion"": ""Non-compliance""}"
Rainfall Dataset of Barak Velly,JUN,Gamma,"{""p value"": 0.0, ""conclusion"": ""Non-compliance""}"
Rainfall Dataset of Barak Velly,JUL,Gamma,"{""p value"": 0.0, ""conclusion"": ""Non-compliance""}"
Rainfall Dataset of Barak Velly,AUG,Gamma,"{""p value"": 0.0, ""conclusion"": ""Non-compliance""}"
Rainfall Dataset of Barak Velly,SEP,Gamma,"{""p value"": 0.0, ""conclusion"": ""Non-compliance""}"
Rainfall Dataset of Barak Velly,OCT,Gamma,"{""p value"": 0.0, ""conclusion"": ""Non-compliance""}"
Rainfall Dataset of Barak Velly,NOV,Gamma,"{""p value"": 0.0, ""conclusion"": ""Non-compliance""}"
Rainfall Dataset of Barak Velly,DEC,Gamma,"{""p value"": 0.0, ""conclusion"": ""Non-compliance""}"
Rainfall Dataset of Barak Velly,ANU,Gamma,"{""p value"": 0.0, ""conclusion"": ""Non-compliance""}"
Raman Ratings Dataset,Review #,Exponential,"{""p value"": 0.0, ""conclusion"": ""Non-compliance""}"
Raman Ratings Dataset,Review #,Gamma,"{""p value"": 0.0, ""conclusion"": ""Non-compliance""}"
Real Estate Valuation Dataset,X2 house age,Exponential,"{""p value"": 0.0, ""conclusion"": ""Non-compliance""}"
Real Estate Valuation Dataset,X3 distance to the nearest MRT station,Exponential,"{""p value"": 0.0, ""conclusion"": ""Non-compliance""}"
Real Estate Valuation Dataset,X4 number of convenience stores,Exponential,"{""p value"": 0.0, ""conclusion"": ""Non-compliance""}"
Real Estate Valuation Dataset,Y house price of unit area,Exponential,"{""p value"": 0.0, ""conclusion"": ""Non-compliance""}"
Real Estate Valuation Dataset,X2 house age,Uniform,"{""p value"": 0.0, ""conclusion"": ""Non-compliance""}"
Real Estate Valuation Dataset,X3 distance to the nearest MRT station,Uniform,"{""p value"": 0.0, ""conclusion"": ""Non-compliance""}"
Real Estate Valuation Dataset,X4 number of convenience stores,Uniform,"{""p value"": 0.0, ""conclusion"": ""Non-compliance""}"
Real Estate Valuation Dataset,Y house price of unit area,Uniform,"{""p value"": 0.0, ""conclusion"": ""Non-compliance""}"
Real Estate Valuation Dataset,X2 house age,Gamma,"{""p value"": 0.0, ""conclusion"": ""Non-compliance""}"
Real Estate Valuation Dataset,X3 distance to the nearest MRT station,Gamma,"{""p value"": 0.0, ""conclusion"": ""Non-compliance""}"
Real Estate Valuation Dataset,X4 number of convenience stores,Gamma,"{""p value"": 0.0, ""conclusion"": ""Non-compliance""}"
Real Estate Valuation Dataset,Y house price of unit area,Gamma,"{""p value"": 0.0, ""conclusion"": ""Non-compliance""}"
Salary Dataset by Job Title and Country,Age,Exponential,"{""p value"": 0.0, ""conclusion"": ""Non-compliance""}"
Salary Dataset by Job Title and Country,Years of Experience,Exponential,"{""p value"": 0.0, ""conclusion"": ""Non-compliance""}"
Salary Dataset by Job Title and Country,Salary,Exponential,"{""p value"": 0.0, ""conclusion"": ""Non-compliance""}"
Salary Dataset by Job Title and Country,Age,Uniform,"{""p value"": 0.0, ""conclusion"": ""Non-compliance""}"
Salary Dataset by Job Title and Country,Years of Experience,Uniform,"{""p value"": 0.0, ""conclusion"": ""Non-compliance""}"
Salary Dataset by Job Title and Country,Salary,Uniform,"{""p value"": 0.0, ""conclusion"": ""Non-compliance""}"
Salary Dataset by Job Title and Country,Age,Gamma,"{""p value"": 0.0, ""conclusion"": ""Non-compliance""}"
Salary Dataset by Job Title and Country,Years of Experience,Gamma,"{""p value"": 0.0, ""conclusion"": ""Non-compliance""}"
Salary Dataset by Job Title and Country,Salary,Gamma,"{""p value"": 0.0, ""conclusion"": ""Non-compliance""}"
Stroke Prediction Dataset,age,Exponential,"{""p value"": 0.0, ""conclusion"": ""Non-compliance""}"
Stroke Prediction Dataset,avg_glucose_level,Exponential,"{""p value"": 0.0, ""conclusion"": ""Non-compliance""}"
Stroke Prediction Dataset,bmi,Exponential,"{""p value"": 0.0, ""conclusion"": ""Non-compliance""}"
Stroke Prediction Dataset,age,Uniform,"{""p value"": 0.0, ""conclusion"": ""Non-compliance""}"
Stroke Prediction Dataset,avg_glucose_level,Uniform,"{""p value"": 0.0, ""conclusion"": ""Non-compliance""}"
Stroke Prediction Dataset,bmi,Uniform,"{""p value"": 0.0, ""conclusion"": ""Non-compliance""}"
Stroke Prediction Dataset,age,Gamma,"{""p value"": 0.0, ""conclusion"": ""Non-compliance""}"
Stroke Prediction Dataset,avg_glucose_level,Gamma,"{""p value"": 0.0, ""conclusion"": ""Non-compliance""}"
Stroke Prediction Dataset,bmi,Gamma,"{""p value"": 0.0, ""conclusion"": ""Non-compliance""}"
Student Information and Grades Dataset,Student_Age,Exponential,"{""p value"": 0.0, ""conclusion"": ""Non-compliance""}"
Student Information and Grades Dataset,Weekly_Study_Hours,Exponential,"{""p value"": 0.0, ""conclusion"": ""Non-compliance""}"
Student Information and Grades Dataset,Student_Age,Uniform,"{""p value"": 0.0, ""conclusion"": ""Non-compliance""}"
Student Information and Grades Dataset,Weekly_Study_Hours,Uniform,"{""p value"": 0.0, ""conclusion"": ""Non-compliance""}"
Student Information and Grades Dataset,Student_Age,Gamma,"{""p value"": 0.0, ""conclusion"": ""Non-compliance""}"
Student Information and Grades Dataset,Weekly_Study_Hours,Gamma,"{""p value"": 0.0, ""conclusion"": ""Non-compliance""}"
Student Performance Prediction Dataset,age,Exponential,"{""p value"": 0.0, ""conclusion"": ""Non-compliance""}"
Student Performance Prediction Dataset,Medu,Exponential,"{""p value"": 0.0, ""conclusion"": ""Non-compliance""}"
Student Performance Prediction Dataset,Fedu,Exponential,"{""p value"": 0.0, ""conclusion"": ""Non-compliance""}"
Student Performance Prediction Dataset,traveltime,Exponential,"{""p value"": 0.0, ""conclusion"": ""Non-compliance""}"
Student Performance Prediction Dataset,studytime,Exponential,"{""p value"": 0.0, ""conclusion"": ""Non-compliance""}"
Student Performance Prediction Dataset,failures,Exponential,"{""p value"": 0.0, ""conclusion"": ""Non-compliance""}"
Student Performance Prediction Dataset,famrel,Exponential,"{""p value"": 0.0, ""conclusion"": ""Non-compliance""}"
Student Performance Prediction Dataset,freetime,Exponential,"{""p value"": 0.0, ""conclusion"": ""Non-compliance""}"
Student Performance Prediction Dataset,goout,Exponential,"{""p value"": 0.0, ""conclusion"": ""Non-compliance""}"
Student Performance Prediction Dataset,Dalc,Exponential,"{""p value"": 0.0, ""conclusion"": ""Non-compliance""}"
Student Performance Prediction Dataset,Walc,Exponential,"{""p value"": 0.0, ""conclusion"": ""Non-compliance""}"
Student Performance Prediction Dataset,health,Exponential,"{""p value"": 0.0, ""conclusion"": ""Non-compliance""}"
Student Performance Prediction Dataset,absences,Exponential,"{""p value"": 0.0, ""conclusion"": ""Non-compliance""}"
Student Performance Prediction Dataset,G1,Exponential,"{""p value"": 0.0, ""conclusion"": ""Non-compliance""}"
Student Performance Prediction Dataset,G2,Exponential,"{""p value"": 0.0, ""conclusion"": ""Non-compliance""}"
Student Performance Prediction Dataset,G3,Exponential,"{""p value"": 0.0, ""conclusion"": ""Non-compliance""}"
Student Performance Prediction Dataset,age,Uniform,"{""p value"": 0.0, ""conclusion"": ""Non-compliance""}"
Student Performance Prediction Dataset,Medu,Uniform,"{""p value"": 0.0, ""conclusion"": ""Non-compliance""}"
Student Performance Prediction Dataset,Fedu,Uniform,"{""p value"": 0.0, ""conclusion"": ""Non-compliance""}"
Student Performance Prediction Dataset,traveltime,Uniform,"{""p value"": 0.0, ""conclusion"": ""Non-compliance""}"
Student Performance Prediction Dataset,studytime,Uniform,"{""p value"": 0.0, ""conclusion"": ""Non-compliance""}"
Student Performance Prediction Dataset,failures,Uniform,"{""p value"": 0.0, ""conclusion"": ""Non-compliance""}"
Student Performance Prediction Dataset,famrel,Uniform,"{""p value"": 0.0, ""conclusion"": ""Non-compliance""}"
Student Performance Prediction Dataset,freetime,Uniform,"{""p value"": 0.0, ""conclusion"": ""Non-compliance""}"
Student Performance Prediction Dataset,goout,Uniform,"{""p value"": 0.0, ""conclusion"": ""Non-compliance""}"
Student Performance Prediction Dataset,Dalc,Uniform,"{""p value"": 0.0, ""conclusion"": ""Non-compliance""}"
Student Performance Prediction Dataset,Walc,Uniform,"{""p value"": 0.0, ""conclusion"": ""Non-compliance""}"
Student Performance Prediction Dataset,health,Uniform,"{""p value"": 0.0, ""conclusion"": ""Non-compliance""}"
Student Performance Prediction Dataset,absences,Uniform,"{""p value"": 0.0, ""conclusion"": ""Non-compliance""}"
Student Performance Prediction Dataset,G1,Uniform,"{""p value"": 0.0, ""conclusion"": ""Non-compliance""}"
Student Performance Prediction Dataset,G2,Uniform,"{""p value"": 0.0, ""conclusion"": ""Non-compliance""}"
Student Performance Prediction Dataset,G3,Uniform,"{""p value"": 0.0, ""conclusion"": ""Non-compliance""}"
Student Performance Prediction Dataset,age,Gamma,"{""p value"": 0.0, ""conclusion"": ""Non-compliance""}"
Student Performance Prediction Dataset,Medu,Gamma,"{""p value"": 0.0, ""conclusion"": ""Non-compliance""}"
Student Performance Prediction Dataset,Fedu,Gamma,"{""p value"": 0.0, ""conclusion"": ""Non-compliance""}"
Student Performance Prediction Dataset,traveltime,Gamma,"{""p value"": 0.0, ""conclusion"": ""Non-compliance""}"
Student Performance Prediction Dataset,studytime,Gamma,"{""p value"": 0.0, ""conclusion"": ""Non-compliance""}"
Student Performance Prediction Dataset,failures,Gamma,"{""p value"": 0.0, ""conclusion"": ""Non-compliance""}"
Student Performance Prediction Dataset,famrel,Gamma,"{""p value"": 0.0, ""conclusion"": ""Non-compliance""}"
Student Performance Prediction Dataset,freetime,Gamma,"{""p value"": 0.0, ""conclusion"": ""Non-compliance""}"
Student Performance Prediction Dataset,goout,Gamma,"{""p value"": 0.0, ""conclusion"": ""Non-compliance""}"
Student Performance Prediction Dataset,Dalc,Gamma,"{""p value"": 0.0, ""conclusion"": ""Non-compliance""}"
Student Performance Prediction Dataset,Walc,Gamma,"{""p value"": 0.0, ""conclusion"": ""Non-compliance""}"
Student Performance Prediction Dataset,health,Gamma,"{""p value"": 0.0, ""conclusion"": ""Non-compliance""}"
Student Performance Prediction Dataset,absences,Gamma,"{""p value"": 0.0, ""conclusion"": ""Non-compliance""}"
Student Performance Prediction Dataset,G1,Gamma,"{""p value"": 0.0, ""conclusion"": ""Non-compliance""}"
Student Performance Prediction Dataset,G2,Gamma,"{""p value"": 0.0, ""conclusion"": ""Non-compliance""}"
Student Performance Prediction Dataset,G3,Gamma,"{""p value"": 0.0, ""conclusion"": ""Non-compliance""}"
Students Math-Reading-Writing Performance Dataset,math score,Exponential,"{""p value"": 0.0, ""conclusion"": ""Non-compliance""}"
Students Math-Reading-Writing Performance Dataset,reading score,Exponential,"{""p value"": 0.0, ""conclusion"": ""Non-compliance""}"
Students Math-Reading-Writing Performance Dataset,writing score,Exponential,"{""p value"": 0.0, ""conclusion"": ""Non-compliance""}"
Students Math-Reading-Writing Performance Dataset,math score,Uniform,"{""p value"": 0.0, ""conclusion"": ""Non-compliance""}"
Students Math-Reading-Writing Performance Dataset,reading score,Uniform,"{""p value"": 0.0, ""conclusion"": ""Non-compliance""}"
Students Math-Reading-Writing Performance Dataset,writing score,Uniform,"{""p value"": 0.0, ""conclusion"": ""Non-compliance""}"
Students Math-Reading-Writing Performance Dataset,math score,Gamma,"{""p value"": 0.0, ""conclusion"": ""Non-compliance""}"
Students Math-Reading-Writing Performance Dataset,reading score,Gamma,"{""p value"": 0.0, ""conclusion"": ""Non-compliance""}"
Students Math-Reading-Writing Performance Dataset,writing score,Gamma,"{""p value"": 0.0, ""conclusion"": ""Non-compliance""}"
Students New MRW Score Dataset,math score,Exponential,"{""p value"": 0.0, ""conclusion"": ""Non-compliance""}"
Students New MRW Score Dataset,reading score,Exponential,"{""p value"": 0.0, ""conclusion"": ""Non-compliance""}"
Students New MRW Score Dataset,writing score,Exponential,"{""p value"": 0.0, ""conclusion"": ""Non-compliance""}"
Students New MRW Score Dataset,math score,Uniform,"{""p value"": 0.0, ""conclusion"": ""Non-compliance""}"
Students New MRW Score Dataset,reading score,Uniform,"{""p value"": 0.0, ""conclusion"": ""Non-compliance""}"
Students New MRW Score Dataset,writing score,Uniform,"{""p value"": 0.0, ""conclusion"": ""Non-compliance""}"
Students New MRW Score Dataset,math score,Gamma,"{""p value"": 0.0, ""conclusion"": ""Non-compliance""}"
Students New MRW Score Dataset,reading score,Gamma,"{""p value"": 0.0, ""conclusion"": ""Non-compliance""}"
Students New MRW Score Dataset,writing score,Gamma,"{""p value"": 0.0, ""conclusion"": ""Non-compliance""}"
Terrorist Attacks Dataset,Terrorist attacks,Exponential,"{""p value"": 0.0, ""conclusion"": ""Non-compliance""}"
Terrorist Attacks Dataset,Terrorism deaths,Exponential,"{""p value"": 0.0, ""conclusion"": ""Non-compliance""}"
Terrorist Attacks Dataset,Attack method: Hijacking,Exponential,"{""p value"": 0.0, ""conclusion"": ""Non-compliance""}"
Terrorist Attacks Dataset,Attack method: Hostage Taking (Barricade Incident),Exponential,"{""p value"": 0.0, ""conclusion"": ""Non-compliance""}"
Terrorist Attacks Dataset,Attack method: Unarmed Assault,Exponential,"{""p value"": 0.0, ""conclusion"": ""Non-compliance""}"
Terrorist Attacks Dataset,Attack method: Facility/Infrastructure Attack,Exponential,"{""p value"": 0.0, ""conclusion"": ""Non-compliance""}"
Terrorist Attacks Dataset,Attack method: Hostage Taking (Kidnapping),Exponential,"{""p value"": 0.0, ""conclusion"": ""Non-compliance""}"
Terrorist Attacks Dataset,Attack method: Assassination,Exponential,"{""p value"": 0.0, ""conclusion"": ""Non-compliance""}"
Terrorist Attacks Dataset,Attack method: Armed Assault,Exponential,"{""p value"": 0.0, ""conclusion"": ""Non-compliance""}"
Terrorist Attacks Dataset,Attack method: Bombing/Explosion,Exponential,"{""p value"": 0.0, ""conclusion"": ""Non-compliance""}"
Terrorist Attacks Dataset,Death Age 100+,Exponential,"{""p value"": 0.0, ""conclusion"": ""Non-compliance""}"
Terrorist Attacks Dataset,Death Age: 51-99 ,Exponential,"{""p value"": 0.0, ""conclusion"": ""Non-compliance""}"
Terrorist Attacks Dataset,Death Age : 21-50 ,Exponential,"{""p value"": 0.0, ""conclusion"": ""Non-compliance""}"
Terrorist Attacks Dataset,Death Age : 11-20 ,Exponential,"{""p value"": 0.0, ""conclusion"": ""Non-compliance""}"
Terrorist Attacks Dataset,Death Age : 6-10 ,Exponential,"{""p value"": 0.0, ""conclusion"": ""Non-compliance""}"
Terrorist Attacks Dataset,Death Age :  1-5,Exponential,"{""p value"": 0.0, ""conclusion"": ""Non-compliance""}"
Terrorist Attacks Dataset,Terrorist Death Type : Suicide,Exponential,"{""p value"": 0.0, ""conclusion"": ""Non-compliance""}"
Terrorist Attacks Dataset,Terrorist Death Type : Killed,Exponential,"{""p value"": 0.0, ""conclusion"": ""Non-compliance""}"
Terrorist Attacks Dataset,Terrorist attacks,Uniform,"{""p value"": 0.0, ""conclusion"": ""Non-compliance""}"
Terrorist Attacks Dataset,Terrorism deaths,Uniform,"{""p value"": 0.0, ""conclusion"": ""Non-compliance""}"
Terrorist Attacks Dataset,Attack method: Hijacking,Uniform,"{""p value"": 0.0, ""conclusion"": ""Non-compliance""}"
Terrorist Attacks Dataset,Attack method: Hostage Taking (Barricade Incident),Uniform,"{""p value"": 0.0, ""conclusion"": ""Non-compliance""}"
Terrorist Attacks Dataset,Attack method: Unarmed Assault,Uniform,"{""p value"": 0.0, ""conclusion"": ""Non-compliance""}"
Terrorist Attacks Dataset,Attack method: Facility/Infrastructure Attack,Uniform,"{""p value"": 0.0, ""conclusion"": ""Non-compliance""}"
Terrorist Attacks Dataset,Attack method: Hostage Taking (Kidnapping),Uniform,"{""p value"": 0.0, ""conclusion"": ""Non-compliance""}"
Terrorist Attacks Dataset,Attack method: Assassination,Uniform,"{""p value"": 0.0, ""conclusion"": ""Non-compliance""}"
Terrorist Attacks Dataset,Attack method: Armed Assault,Uniform,"{""p value"": 0.0, ""conclusion"": ""Non-compliance""}"
Terrorist Attacks Dataset,Attack method: Bombing/Explosion,Uniform,"{""p value"": 0.0, ""conclusion"": ""Non-compliance""}"
Terrorist Attacks Dataset,Death Age 100+,Uniform,"{""p value"": 0.0, ""conclusion"": ""Non-compliance""}"
Terrorist Attacks Dataset,Death Age: 51-99 ,Uniform,"{""p value"": 0.0, ""conclusion"": ""Non-compliance""}"
Terrorist Attacks Dataset,Death Age : 21-50 ,Uniform,"{""p value"": 0.0, ""conclusion"": ""Non-compliance""}"
Terrorist Attacks Dataset,Death Age : 11-20 ,Uniform,"{""p value"": 0.0, ""conclusion"": ""Non-compliance""}"
Terrorist Attacks Dataset,Death Age : 6-10 ,Uniform,"{""p value"": 0.0, ""conclusion"": ""Non-compliance""}"
Terrorist Attacks Dataset,Death Age :  1-5,Uniform,"{""p value"": 0.0, ""conclusion"": ""Non-compliance""}"
Terrorist Attacks Dataset,Terrorist Death Type : Suicide,Uniform,"{""p value"": 0.0, ""conclusion"": ""Non-compliance""}"
Terrorist Attacks Dataset,Terrorist Death Type : Killed,Uniform,"{""p value"": 0.0, ""conclusion"": ""Non-compliance""}"
Terrorist Attacks Dataset,Terrorist attacks,Gamma,"{""p value"": 0.0, ""conclusion"": ""Non-compliance""}"
Terrorist Attacks Dataset,Terrorism deaths,Gamma,"{""p value"": 0.0, ""conclusion"": ""Non-compliance""}"
Terrorist Attacks Dataset,Attack method: Hijacking,Gamma,"{""p value"": 0.0, ""conclusion"": ""Non-compliance""}"
Terrorist Attacks Dataset,Attack method: Hostage Taking (Barricade Incident),Gamma,"{""p value"": 0.0, ""conclusion"": ""Non-compliance""}"
Terrorist Attacks Dataset,Attack method: Unarmed Assault,Gamma,"{""p value"": 0.0, ""conclusion"": ""Non-compliance""}"
Terrorist Attacks Dataset,Attack method: Facility/Infrastructure Attack,Gamma,"{""p value"": 0.0, ""conclusion"": ""Non-compliance""}"
Terrorist Attacks Dataset,Attack method: Hostage Taking (Kidnapping),Gamma,"{""p value"": 0.0, ""conclusion"": ""Non-compliance""}"
Terrorist Attacks Dataset,Attack method: Assassination,Gamma,"{""p value"": 0.0, ""conclusion"": ""Non-compliance""}"
Terrorist Attacks Dataset,Attack method: Armed Assault,Gamma,"{""p value"": 0.0, ""conclusion"": ""Non-compliance""}"
Terrorist Attacks Dataset,Attack method: Bombing/Explosion,Gamma,"{""p value"": 0.0, ""conclusion"": ""Non-compliance""}"
Terrorist Attacks Dataset,Death Age 100+,Gamma,"{""p value"": 0.0, ""conclusion"": ""Non-compliance""}"
Terrorist Attacks Dataset,Death Age: 51-99 ,Gamma,"{""p value"": 0.0, ""conclusion"": ""Non-compliance""}"
Terrorist Attacks Dataset,Death Age : 21-50 ,Gamma,"{""p value"": 0.0, ""conclusion"": ""Non-compliance""}"
Terrorist Attacks Dataset,Death Age : 11-20 ,Gamma,"{""p value"": 0.0, ""conclusion"": ""Non-compliance""}"
Terrorist Attacks Dataset,Death Age : 6-10 ,Gamma,"{""p value"": 0.0, ""conclusion"": ""Non-compliance""}"
Terrorist Attacks Dataset,Death Age :  1-5,Gamma,"{""p value"": 0.0, ""conclusion"": ""Non-compliance""}"
Terrorist Attacks Dataset,Terrorist Death Type : Suicide,Gamma,"{""p value"": 0.0, ""conclusion"": ""Non-compliance""}"
Terrorist Attacks Dataset,Terrorist Death Type : Killed,Gamma,"{""p value"": 0.0, ""conclusion"": ""Non-compliance""}"
University Rank Dataset,Research Quality Score,Exponential,"{""p value"": 0.0, ""conclusion"": ""Non-compliance""}"
University Rank Dataset,Industry Score,Exponential,"{""p value"": 0.0, ""conclusion"": ""Non-compliance""}"
University Rank Dataset,International Outlook,Exponential,"{""p value"": 0.0, ""conclusion"": ""Non-compliance""}"
University Rank Dataset,Research Environment Score,Exponential,"{""p value"": 0.0, ""conclusion"": ""Non-compliance""}"
University Rank Dataset,Teaching Score,Exponential,"{""p value"": 0.0, ""conclusion"": ""Non-compliance""}"
University Rank Dataset,Research Quality Score,Uniform,"{""p value"": 0.0, ""conclusion"": ""Non-compliance""}"
University Rank Dataset,Industry Score,Uniform,"{""p value"": 0.0, ""conclusion"": ""Non-compliance""}"
University Rank Dataset,International Outlook,Uniform,"{""p value"": 0.00118, ""conclusion"": ""Non-compliance""}"
University Rank Dataset,Research Environment Score,Uniform,"{""p value"": 0.0, ""conclusion"": ""Non-compliance""}"
University Rank Dataset,Teaching Score,Uniform,"{""p value"": 0.0, ""conclusion"": ""Non-compliance""}"
University Rank Dataset,Research Quality Score,Gamma,"{""p value"": 0.0, ""conclusion"": ""Non-compliance""}"
University Rank Dataset,Industry Score,Gamma,"{""p value"": 0.0, ""conclusion"": ""Non-compliance""}"
University Rank Dataset,International Outlook,Gamma,"{""p value"": 0.0, ""conclusion"": ""Non-compliance""}"
University Rank Dataset,Research Environment Score,Gamma,"{""p value"": 0.0, ""conclusion"": ""Non-compliance""}"
University Rank Dataset,Teaching Score,Gamma,"{""p value"": 0.0, ""conclusion"": ""Non-compliance""}"
US Christmas Tree Sales Dataset,Number of trees sold,Exponential,"{""p value"": 0.0, ""conclusion"": ""Non-compliance""}"
US Christmas Tree Sales Dataset,Average Tree Price,Exponential,"{""p value"": 0.0, ""conclusion"": ""Non-compliance""}"
US Christmas Tree Sales Dataset,Sales,Exponential,"{""p value"": 0.0, ""conclusion"": ""Non-compliance""}"
US Christmas Tree Sales Dataset,Number of trees sold,Gamma,"{""p value"": 0.0, ""conclusion"": ""Non-compliance""}"
US Christmas Tree Sales Dataset,Average Tree Price,Gamma,"{""p value"": 0.0, ""conclusion"": ""Non-compliance""}"
US Christmas Tree Sales Dataset,Sales,Gamma,"{""p value"": 0.0, ""conclusion"": ""Non-compliance""}"
Used Car Dataset,kms_driven,Exponential,"{""p value"": 0.0, ""conclusion"": ""Non-compliance""}"
Used Car Dataset,mileage(kmpl),Exponential,"{""p value"": 0.0, ""conclusion"": ""Non-compliance""}"
Used Car Dataset,engine(cc),Exponential,"{""p value"": 0.0, ""conclusion"": ""Non-compliance""}"
Used Car Dataset,max_power(bhp),Exponential,"{""p value"": 0.0, ""conclusion"": ""Non-compliance""}"
Used Car Dataset,torque(Nm),Exponential,"{""p value"": 0.0, ""conclusion"": ""Non-compliance""}"
Used Car Dataset,price(in lakhs),Exponential,"{""p value"": 0.0, ""conclusion"": ""Non-compliance""}"
Used Car Dataset,kms_driven,Uniform,"{""p value"": 0.0, ""conclusion"": ""Non-compliance""}"
Used Car Dataset,mileage(kmpl),Uniform,"{""p value"": 0.0, ""conclusion"": ""Non-compliance""}"
Used Car Dataset,engine(cc),Uniform,"{""p value"": 0.0, ""conclusion"": ""Non-compliance""}"
Used Car Dataset,max_power(bhp),Uniform,"{""p value"": 0.0, ""conclusion"": ""Non-compliance""}"
Used Car Dataset,torque(Nm),Uniform,"{""p value"": 0.0, ""conclusion"": ""Non-compliance""}"
Used Car Dataset,price(in lakhs),Uniform,"{""p value"": 0.0, ""conclusion"": ""Non-compliance""}"
Used Car Dataset,kms_driven,Gamma,"{""p value"": 0.0, ""conclusion"": ""Non-compliance""}"
Used Car Dataset,mileage(kmpl),Gamma,"{""p value"": 0.0, ""conclusion"": ""Non-compliance""}"
Used Car Dataset,engine(cc),Gamma,"{""p value"": 0.0, ""conclusion"": ""Non-compliance""}"
Used Car Dataset,max_power(bhp),Gamma,"{""p value"": 0.0, ""conclusion"": ""Non-compliance""}"
Used Car Dataset,torque(Nm),Gamma,"{""p value"": 0.0, ""conclusion"": ""Non-compliance""}"
Used Car Dataset,price(in lakhs),Gamma,"{""p value"": 0.0, ""conclusion"": ""Non-compliance""}"
Video Games Sales Dataset,Rank,Exponential,"{""p value"": 0.0, ""conclusion"": ""Non-compliance""}"
Video Games Sales Dataset,North America,Exponential,"{""p value"": 0.0, ""conclusion"": ""Non-compliance""}"
Video Games Sales Dataset,Europe,Exponential,"{""p value"": 0.0, ""conclusion"": ""Non-compliance""}"
Video Games Sales Dataset,Japan,Exponential,"{""p value"": 0.0, ""conclusion"": ""Non-compliance""}"
Video Games Sales Dataset,Rest of World,Exponential,"{""p value"": 0.0, ""conclusion"": ""Non-compliance""}"
Video Games Sales Dataset,Global,Exponential,"{""p value"": 0.0, ""conclusion"": ""Non-compliance""}"
Video Games Sales Dataset,Review,Exponential,"{""p value"": 0.0, ""conclusion"": ""Non-compliance""}"
Video Games Sales Dataset,North America,Uniform,"{""p value"": 0.0, ""conclusion"": ""Non-compliance""}"
Video Games Sales Dataset,Europe,Uniform,"{""p value"": 0.0, ""conclusion"": ""Non-compliance""}"
Video Games Sales Dataset,Japan,Uniform,"{""p value"": 0.0, ""conclusion"": ""Non-compliance""}"
Video Games Sales Dataset,Rest of World,Uniform,"{""p value"": 0.0, ""conclusion"": ""Non-compliance""}"
Video Games Sales Dataset,Global,Uniform,"{""p value"": 0.0, ""conclusion"": ""Non-compliance""}"
Video Games Sales Dataset,Review,Uniform,"{""p value"": 0.0, ""conclusion"": ""Non-compliance""}"
Video Games Sales Dataset,Rank,Gamma,"{""p value"": 0.0, ""conclusion"": ""Non-compliance""}"
Video Games Sales Dataset,North America,Gamma,"{""p value"": 0.0, ""conclusion"": ""Non-compliance""}"
Video Games Sales Dataset,Europe,Gamma,"{""p value"": 0.0, ""conclusion"": ""Non-compliance""}"
Video Games Sales Dataset,Japan,Gamma,"{""p value"": 0.0, ""conclusion"": ""Non-compliance""}"
Video Games Sales Dataset,Rest of World,Gamma,"{""p value"": 0.0, ""conclusion"": ""Non-compliance""}"
Video Games Sales Dataset,Global,Gamma,"{""p value"": 0.0, ""conclusion"": ""Non-compliance""}"
Video Games Sales Dataset,Review,Gamma,"{""p value"": 0.0, ""conclusion"": ""Non-compliance""}"
